image_path,gender
data/raw/train\male\001_frontal.jpg,1
data/raw/train\male\002_frontal.jpg,1
data/raw/train\male\003_frontal.jpg,1
data/raw/train\male\004_frontal.jpg,1
data/raw/train\male\005_frontal.jpg,1
data/raw/train\male\008_frontal.jpg,1
data/raw/train\male\010_frontal.jpg,1
data/raw/train\male\011_frontal.jpg,1
data/raw/train\male\012_frontal.jpg,1
data/raw/train\male\013_frontal.jpg,1
data/raw/train\male\015_frontal.jpg,1
data/raw/train\male\016_frontal.jpg,1
data/raw/train\male\019_frontal.jpg,1
data/raw/train\male\020_frontal.jpg,1
data/raw/train\male\021_frontal.jpg,1
data/raw/train\male\022_frontal.jpg,1
data/raw/train\male\025_frontal.jpg,1
data/raw/train\male\026_frontal.jpg,1
data/raw/train\male\027_frontal.jpg,1
data/raw/train\male\030_frontal.jpg,1
data/raw/train\male\032_frontal.jpg,1
data/raw/train\male\035_frontal.jpg,1
data/raw/train\male\036_frontal.jpg,1
data/raw/train\male\038_frontal.jpg,1
data/raw/train\male\042_frontal.jpg,1
data/raw/train\male\043_frontal.jpg,1
data/raw/train\male\044_frontal.jpg,1
data/raw/train\male\047_frontal.jpg,1
data/raw/train\male\048_frontal.jpg,1
data/raw/train\male\051_frontal.jpg,1
data/raw/train\male\054_frontal.jpg,1
data/raw/train\male\056_frontal.jpg,1
data/raw/train\male\057_frontal.jpg,1
data/raw/train\male\059_frontal.jpg,1
data/raw/train\male\060_frontal.jpg,1
data/raw/train\male\063_frontal.jpg,1
data/raw/train\male\064_frontal.jpg,1
data/raw/train\male\065_frontal.jpg,1
data/raw/train\male\067_frontal.jpg,1
data/raw/train\male\068_frontal.jpg,1
data/raw/train\male\071_frontal.jpg,1
data/raw/train\male\072_frontal.jpg,1
data/raw/train\male\075_frontal.jpg,1
data/raw/train\male\076_frontal.jpg,1
data/raw/train\male\081_frontal.jpg,1
data/raw/train\male\082_frontal.jpg,1
data/raw/train\male\085_frontal.jpg,1
data/raw/train\male\087_frontal.jpg,1
data/raw/train\male\088_frontal.jpg,1
data/raw/train\male\089_frontal.jpg,1
data/raw/train\male\090_frontal.jpg,1
data/raw/train\male\092_frontal.jpg,1
data/raw/train\male\093_frontal.jpg,1
data/raw/train\male\094_frontal.jpg,1
data/raw/train\male\095_frontal.jpg,1
data/raw/train\male\096_frontal.jpg,1
data/raw/train\male\099_frontal.jpg,1
data/raw/train\male\102_frontal.jpg,1
data/raw/train\male\103_frontal.jpg,1
data/raw/train\male\106_frontal.jpg,1
data/raw/train\male\109_frontal.jpg,1
data/raw/train\male\110_frontal.jpg,1
data/raw/train\male\113_frontal.jpg,1
data/raw/train\male\114_frontal.jpg,1
data/raw/train\male\115_frontal.jpg,1
data/raw/train\male\117_frontal.jpg,1
data/raw/train\male\118_frontal.jpg,1
data/raw/train\male\119_frontal.jpg,1
data/raw/train\male\121_frontal.jpg,1
data/raw/train\male\122_frontal.jpg,1
data/raw/train\male\123_frontal.jpg,1
data/raw/train\male\124_frontal.jpg,1
data/raw/train\male\125_frontal.jpg,1
data/raw/train\male\128_frontal.jpg,1
data/raw/train\male\129_frontal.jpg,1
data/raw/train\male\Aaron_Guiel_0001.jpg,1
data/raw/train\male\Aaron_Patterson_0001.jpg,1
data/raw/train\male\Aaron_Pena_0001.jpg,1
data/raw/train\male\Abdullatif_Sener_0001.jpg,1
data/raw/train\male\Abdullatif_Sener_0002.jpg,1
data/raw/train\male\Abdul_Majeed_Shobokshi_0001.jpg,1
data/raw/train\male\Abraham_Foxman_0001.jpg,1
data/raw/train\male\Adrian_Fernandez_0001.jpg,1
data/raw/train\male\Agnelo_Queiroz_0001.jpg,1
data/raw/train\male\Ahmad_Masood_0001.jpg,1
data/raw/train\male\Ahmad_Masood_0002.jpg,1
data/raw/train\male\Alan_Ball_0001.jpg,1
data/raw/train\male\Alan_Ball_0002.jpg,1
data/raw/train\male\Alan_Tang_Kwong-wing_0001.jpg,1
data/raw/train\male\Alastair_Johnston_0001.jpg,1
data/raw/train\male\Alberto_Fujimori_0001.jpg,1
data/raw/train\male\Alberto_Fujimori_0002.jpg,1
data/raw/train\male\Alberto_Ruiz_Gallardon_0001.jpg,1
data/raw/train\male\Alberto_Ruiz_Gallardon_0002.jpg,1
data/raw/train\male\Alejandro_Atchugarry_0001.jpg,1
data/raw/train\male\Alejandro_Atchugarry_0002.jpg,1
data/raw/train\male\Aleksander_Kwasniewski_0001.jpg,1
data/raw/train\male\Aleksander_Kwasniewski_0002.jpg,1
data/raw/train\male\Aleksander_Kwasniewski_0003.jpg,1
data/raw/train\male\Aleksander_Kwasniewski_0004.jpg,1
data/raw/train\male\Alex_Gonzalez_0001.jpg,1
data/raw/train\male\Alex_King_0001.jpg,1
data/raw/train\male\Alfredo_Pena_0001.jpg,1
data/raw/train\male\Alfred_Ford_0001.jpg,1
data/raw/train\male\Ali_Fallahian_0001.jpg,1
data/raw/train\male\Ali_Khamenei_0001.jpg,1
data/raw/train\male\Ali_Khamenei_0002.jpg,1
data/raw/train\male\Ali_Khamenei_0003.jpg,1
data/raw/train\male\Allen_Iverson_0001.jpg,1
data/raw/train\male\Allen_Iverson_0002.jpg,1
data/raw/train\male\Allen_Rock_0001.jpg,1
data/raw/train\male\Alonzo_Mourning_0001.jpg,1
data/raw/train\male\Al_Gore_0001.jpg,1
data/raw/train\male\Al_Gore_0002.jpg,1
data/raw/train\male\Al_Gore_0003.jpg,1
data/raw/train\male\Al_Gore_0004.jpg,1
data/raw/train\male\Al_Gore_0005.jpg,1
data/raw/train\male\Al_Gore_0006.jpg,1
data/raw/train\male\Al_Gore_0007.jpg,1
data/raw/train\male\Al_Gore_0008.jpg,1
data/raw/train\male\Al_Leiter_0001.jpg,1
data/raw/train\male\Amr_Moussa_0001.jpg,1
data/raw/train\male\Andrew_Bernard_0001.jpg,1
data/raw/train\male\Andre_Bucher_0001.jpg,1
data/raw/train\male\Andy_Garcia_0001.jpg,1
data/raw/train\male\Andy_North_0001.jpg,1
data/raw/train\male\Andy_Warhol_0001.jpg,1
data/raw/train\male\Angel_Lockward_0001.jpg,1
data/raw/train\male\Anthony_Hopkins_0001.jpg,1
data/raw/train\male\Anthony_Hopkins_0002.jpg,1
data/raw/train\male\Anthony_Lee_Johnson_0001.jpg,1
data/raw/train\male\Anthony_Pisciotti_0001.jpg,1
data/raw/train\male\Antonio_Elias_Saca_0001.jpg,1
data/raw/train\male\Antonio_Palocci_0001.jpg,1
data/raw/train\male\Antonio_Palocci_0002.jpg,1
data/raw/train\male\Antonio_Palocci_0003.jpg,1
data/raw/train\male\Antonio_Palocci_0004.jpg,1
data/raw/train\male\Antonio_Palocci_0005.jpg,1
data/raw/train\male\Antonio_Palocci_0006.jpg,1
data/raw/train\male\Antonio_Palocci_0007.jpg,1
data/raw/train\male\Antonio_Palocci_0008.jpg,1
data/raw/train\male\Ascencion_Barajas_0001.jpg,1
data/raw/train\male\Asif_Ali_Zardari_0001.jpg,1
data/raw/train\male\Askar_Akayev_0001.jpg,1
data/raw/train\male\Atsushi_Sato_0001.jpg,1
data/raw/train\male\Babe_Ruth_0001.jpg,1
data/raw/train\male\Bak_Chang-Ryun_0001.jpg,1
data/raw/train\male\Barry_Nakell_0001.jpg,1
data/raw/train\male\Benicio_Del_Toro_0001.jpg,1
data/raw/train\male\Benjamin_Netanyahu_0001.jpg,1
data/raw/train\male\Benjamin_Netanyahu_0002.jpg,1
data/raw/train\male\Benjamin_Netanyahu_0003.jpg,1
data/raw/train\male\Benjamin_Netanyahu_0004.jpg,1
data/raw/train\male\Benjamin_Netanyahu_0005.jpg,1
data/raw/train\male\Bernard_Kerik_0001.jpg,1
data/raw/train\male\Betty_Garrison_0001.jpg,1
data/raw/train\male\Billy_Beane_0001.jpg,1
data/raw/train\male\Billy_Sollie_0001.jpg,1
data/raw/train\male\Billy_Sollie_0002.jpg,1
data/raw/train\male\Billy_Tibbets_0001.jpg,1
data/raw/train\male\Bill_Belichick_0001.jpg,1
data/raw/train\male\Bill_Belichick_0002.jpg,1
data/raw/train\male\Bill_Butler_0001.jpg,1
data/raw/train\male\Bill_Byrne_0001.jpg,1
data/raw/train\male\Bill_Kollar_0001.jpg,1
data/raw/train\male\Bill_OReilly_0001.jpg,1
data/raw/train\male\Bill_Pryor_0001.jpg,1
data/raw/train\male\Bob_Bowlsby_0001.jpg,1
data/raw/train\male\Bob_Geldof_0001.jpg,1
data/raw/train\male\Bob_Geldof_0002.jpg,1
data/raw/train\male\Bob_Guccione_0001.jpg,1
data/raw/train\male\Bob_Melvin_0001.jpg,1
data/raw/train\male\Bob_Riley_0001.jpg,1
data/raw/train\male\Bob_Stoops_0001.jpg,1
data/raw/train\male\Bob_Stoops_0002.jpg,1
data/raw/train\male\Bob_Stoops_0003.jpg,1
data/raw/train\male\Bob_Stoops_0004.jpg,1
data/raw/train\male\Bob_Stoops_0005.jpg,1
data/raw/train\male\Bob_Stoops_0006.jpg,1
data/raw/train\male\Bob_Stoops_0007.jpg,1
data/raw/train\male\Brad_Gushue_0001.jpg,1
data/raw/train\male\Brandon_Boyd_0001.jpg,1
data/raw/train\male\Brandon_Knight_0001.jpg,1
data/raw/train\male\Brandon_Larson_0001.jpg,1
data/raw/train\male\Brandon_Robinson_0001.jpg,1
data/raw/train\male\Brendan_Hansen_0001.jpg,1
data/raw/train\male\Brendan_Hansen_0002.jpg,1
data/raw/train\male\Brian_Henson_0001.jpg,1
data/raw/train\male\Brian_Scalabrine_0001.jpg,1
data/raw/train\male\Brian_Schneider_0001.jpg,1
data/raw/train\male\Brian_Wells_0001.jpg,1
data/raw/train\male\Brian_Wells_0002.jpg,1
data/raw/train\male\Brock_Berlin_0001.jpg,1
data/raw/train\male\Bryant_Young_0001.jpg,1
data/raw/train\male\Bryan_Adams_0001.jpg,1
data/raw/train\male\Bryan_Chui_0001.jpg,1
data/raw/train\male\Budd_Schulberg_0001.jpg,1
data/raw/train\male\Bulent_Ecevit_0001.jpg,1
data/raw/train\male\Bulent_Ecevit_0002.jpg,1
data/raw/train\male\Bulent_Ecevit_0003.jpg,1
data/raw/train\male\Bulent_Ecevit_0004.jpg,1
data/raw/train\male\Bulent_Ecevit_0005.jpg,1
data/raw/train\male\Bulent_Ecevit_0006.jpg,1
data/raw/train\male\Cabas_0001.jpg,1
data/raw/train\male\Carlos_Lordkipanitse_0001.jpg,1
data/raw/train\male\Carlos_Ortega_0001.jpg,1
data/raw/train\male\Carlos_Ortega_0002.jpg,1
data/raw/train\male\Carlos_Ortega_0003.jpg,1
data/raw/train\male\Carlos_Salinas_0001.jpg,1
data/raw/train\male\Carlos_Savedra_0001.jpg,1
data/raw/train\male\Carson_Palmer_0001.jpg,1
data/raw/train\male\Carson_Palmer_0002.jpg,1
data/raw/train\male\Carson_Palmer_0003.jpg,1
data/raw/train\male\Carson_Palmer_0004.jpg,1
data/raw/train\male\Celso_Lafer_0001.jpg,1
data/raw/train\male\Cemil_Cicek_0001.jpg,1
data/raw/train\male\Cesar_Maia_0001.jpg,1
data/raw/train\male\Cesar_Maia_0002.jpg,1
data/raw/train\male\Chance_Mock_0001.jpg,1
data/raw/train\male\Chang_Jae_On_0001.jpg,1
data/raw/train\male\Charles_Lebois_0001.jpg,1
data/raw/train\male\Charles_Mathews_0001.jpg,1
data/raw/train\male\Charles_Mathews_0002.jpg,1
data/raw/train\male\Charles_Pickering_0001.jpg,1
data/raw/train\male\Charles_Richardson_0001.jpg,1
data/raw/train\male\Charles_Schumer_0001.jpg,1
data/raw/train\male\Charles_Schumer_0002.jpg,1
data/raw/train\male\Charlie_Hunnam_0001.jpg,1
data/raw/train\male\Charlton_Heston_0001.jpg,1
data/raw/train\male\Charlton_Heston_0002.jpg,1
data/raw/train\male\Charlton_Heston_0003.jpg,1
data/raw/train\male\Charlton_Heston_0004.jpg,1
data/raw/train\male\Charlton_Heston_0005.jpg,1
data/raw/train\male\Charlton_Heston_0006.jpg,1
data/raw/train\male\Chea_Sophara_0001.jpg,1
data/raw/train\male\Chin-Feng_Chen_0001.jpg,1
data/raw/train\male\Chip_Ganassi_0001.jpg,1
data/raw/train\male\Cho_Myung-kyun_0001.jpg,1
data/raw/train\male\Christian_Longo_0001.jpg,1
data/raw/train\male\Christian_Longo_0002.jpg,1
data/raw/train\male\Christian_Longo_0003.jpg,1
data/raw/train\male\Chris_Cirino_0001.jpg,1
data/raw/train\male\Chris_Kolanas_0001.jpg,1
data/raw/train\male\Chris_Moore_0001.jpg,1
data/raw/train\male\Chris_Rock_0001.jpg,1
data/raw/train\male\Chris_Rock_0002.jpg,1
data/raw/train\male\Chuck_Eidson_0001.jpg,1
data/raw/train\male\Chung_Mong-hun_0001.jpg,1
data/raw/train\male\Chung_Mong-hun_0002.jpg,1
data/raw/train\male\Ciro_Gomes_0001.jpg,1
data/raw/train\male\Ciro_Gomes_0002.jpg,1
data/raw/train\male\Ciro_Gomes_0003.jpg,1
data/raw/train\male\Ciro_Gomes_0004.jpg,1
data/raw/train\male\Ciro_Gomes_0005.jpg,1
data/raw/train\male\Claudio_Abbado_0001.jpg,1
data/raw/train\male\Clemente_de_la_Vega_0001.jpg,1
data/raw/train\male\Clive_Lloyd_0001.jpg,1
data/raw/train\male\Colin_Powell_0001.jpg,1
data/raw/train\male\Colin_Powell_0002.jpg,1
data/raw/train\male\Colin_Powell_0003.jpg,1
data/raw/train\male\Colin_Powell_0004.jpg,1
data/raw/train\male\Colin_Powell_0005.jpg,1
data/raw/train\male\Colin_Powell_0006.jpg,1
data/raw/train\male\Colin_Powell_0007.jpg,1
data/raw/train\male\Colin_Powell_0008.jpg,1
data/raw/train\male\Colin_Powell_0009.jpg,1
data/raw/train\male\Colin_Powell_0010.jpg,1
data/raw/train\male\Colin_Powell_0011.jpg,1
data/raw/train\male\Colin_Powell_0012.jpg,1
data/raw/train\male\Colin_Powell_0013.jpg,1
data/raw/train\male\Colin_Powell_0014.jpg,1
data/raw/train\male\Colin_Powell_0015.jpg,1
data/raw/train\male\Colin_Powell_0016.jpg,1
data/raw/train\male\Colin_Powell_0017.jpg,1
data/raw/train\male\Colin_Powell_0018.jpg,1
data/raw/train\male\Colin_Powell_0019.jpg,1
data/raw/train\male\Colin_Powell_0020.jpg,1
data/raw/train\male\Colin_Powell_0021.jpg,1
data/raw/train\male\Colin_Powell_0022.jpg,1
data/raw/train\male\Colin_Powell_0023.jpg,1
data/raw/train\male\Colin_Powell_0024.jpg,1
data/raw/train\male\Colin_Powell_0025.jpg,1
data/raw/train\male\Colin_Powell_0026.jpg,1
data/raw/train\male\Colin_Powell_0027.jpg,1
data/raw/train\male\Colin_Powell_0028.jpg,1
data/raw/train\male\Colin_Powell_0029.jpg,1
data/raw/train\male\Colin_Powell_0030.jpg,1
data/raw/train\male\Colin_Powell_0031.jpg,1
data/raw/train\male\Colin_Powell_0032.jpg,1
data/raw/train\male\Colin_Powell_0033.jpg,1
data/raw/train\male\Colin_Powell_0034.jpg,1
data/raw/train\male\Colin_Powell_0035.jpg,1
data/raw/train\male\Colin_Powell_0036.jpg,1
data/raw/train\male\Colin_Powell_0037.jpg,1
data/raw/train\male\Colin_Powell_0038.jpg,1
data/raw/train\male\Colin_Powell_0039.jpg,1
data/raw/train\male\Colin_Powell_0040.jpg,1
data/raw/train\male\Colin_Powell_0041.jpg,1
data/raw/train\male\Colin_Powell_0042.jpg,1
data/raw/train\male\Colin_Powell_0043.jpg,1
data/raw/train\male\Colin_Powell_0044.jpg,1
data/raw/train\male\Colin_Powell_0045.jpg,1
data/raw/train\male\Colin_Powell_0046.jpg,1
data/raw/train\male\Colin_Powell_0047.jpg,1
data/raw/train\male\Colin_Powell_0048.jpg,1
data/raw/train\male\Colin_Powell_0049.jpg,1
data/raw/train\male\Colin_Powell_0050.jpg,1
data/raw/train\male\Colin_Powell_0051.jpg,1
data/raw/train\male\Colin_Powell_0052.jpg,1
data/raw/train\male\Colin_Powell_0053.jpg,1
data/raw/train\male\Colin_Powell_0054.jpg,1
data/raw/train\male\Colin_Powell_0055.jpg,1
data/raw/train\male\Colin_Powell_0056.jpg,1
data/raw/train\male\Colin_Powell_0057.jpg,1
data/raw/train\male\Colin_Powell_0058.jpg,1
data/raw/train\male\Colin_Powell_0059.jpg,1
data/raw/train\male\Colin_Powell_0060.jpg,1
data/raw/train\male\Colin_Powell_0061.jpg,1
data/raw/train\male\Colin_Powell_0062.jpg,1
data/raw/train\male\Colin_Powell_0063.jpg,1
data/raw/train\male\Colin_Powell_0064.jpg,1
data/raw/train\male\Colin_Powell_0065.jpg,1
data/raw/train\male\Colin_Powell_0066.jpg,1
data/raw/train\male\Colin_Powell_0067.jpg,1
data/raw/train\male\Colin_Powell_0068.jpg,1
data/raw/train\male\Colin_Powell_0069.jpg,1
data/raw/train\male\Colin_Powell_0070.jpg,1
data/raw/train\male\Colin_Powell_0071.jpg,1
data/raw/train\male\Colin_Powell_0072.jpg,1
data/raw/train\male\Colin_Powell_0073.jpg,1
data/raw/train\male\Colin_Powell_0074.jpg,1
data/raw/train\male\Colin_Powell_0075.jpg,1
data/raw/train\male\Colin_Powell_0076.jpg,1
data/raw/train\male\Colin_Powell_0077.jpg,1
data/raw/train\male\Colin_Powell_0078.jpg,1
data/raw/train\male\Colin_Powell_0079.jpg,1
data/raw/train\male\Colin_Powell_0080.jpg,1
data/raw/train\male\Colin_Powell_0081.jpg,1
data/raw/train\male\Colin_Powell_0082.jpg,1
data/raw/train\male\Colin_Powell_0083.jpg,1
data/raw/train\male\Colin_Powell_0084.jpg,1
data/raw/train\male\Colin_Powell_0085.jpg,1
data/raw/train\male\Colin_Powell_0086.jpg,1
data/raw/train\male\Colin_Powell_0087.jpg,1
data/raw/train\male\Colin_Powell_0088.jpg,1
data/raw/train\male\Colin_Powell_0089.jpg,1
data/raw/train\male\Colin_Powell_0090.jpg,1
data/raw/train\male\Colin_Powell_0091.jpg,1
data/raw/train\male\Colin_Powell_0092.jpg,1
data/raw/train\male\Colin_Powell_0093.jpg,1
data/raw/train\male\Colin_Powell_0094.jpg,1
data/raw/train\male\Colin_Powell_0095.jpg,1
data/raw/train\male\Colin_Powell_0096.jpg,1
data/raw/train\male\Colin_Powell_0097.jpg,1
data/raw/train\male\Colin_Powell_0098.jpg,1
data/raw/train\male\Colin_Powell_0099.jpg,1
data/raw/train\male\Colin_Powell_0100.jpg,1
data/raw/train\male\Colin_Powell_0101.jpg,1
data/raw/train\male\Colin_Powell_0102.jpg,1
data/raw/train\male\Colin_Powell_0103.jpg,1
data/raw/train\male\Colin_Powell_0104.jpg,1
data/raw/train\male\Colin_Powell_0105.jpg,1
data/raw/train\male\Colin_Powell_0106.jpg,1
data/raw/train\male\Colin_Powell_0107.jpg,1
data/raw/train\male\Colin_Powell_0108.jpg,1
data/raw/train\male\Colin_Powell_0109.jpg,1
data/raw/train\male\Colin_Powell_0110.jpg,1
data/raw/train\male\Colin_Powell_0111.jpg,1
data/raw/train\male\Colin_Powell_0112.jpg,1
data/raw/train\male\Colin_Powell_0113.jpg,1
data/raw/train\male\Colin_Powell_0114.jpg,1
data/raw/train\male\Colin_Powell_0115.jpg,1
data/raw/train\male\Colin_Powell_0116.jpg,1
data/raw/train\male\Colin_Powell_0117.jpg,1
data/raw/train\male\Colin_Powell_0118.jpg,1
data/raw/train\male\Colin_Powell_0119.jpg,1
data/raw/train\male\Colin_Powell_0120.jpg,1
data/raw/train\male\Colin_Powell_0121.jpg,1
data/raw/train\male\Colin_Powell_0122.jpg,1
data/raw/train\male\Colin_Powell_0123.jpg,1
data/raw/train\male\Colin_Powell_0124.jpg,1
data/raw/train\male\Colin_Powell_0125.jpg,1
data/raw/train\male\Colin_Powell_0126.jpg,1
data/raw/train\male\Colin_Powell_0127.jpg,1
data/raw/train\male\Colin_Powell_0128.jpg,1
data/raw/train\male\Colin_Powell_0129.jpg,1
data/raw/train\male\Colin_Powell_0130.jpg,1
data/raw/train\male\Colin_Powell_0131.jpg,1
data/raw/train\male\Colin_Powell_0132.jpg,1
data/raw/train\male\Colin_Powell_0133.jpg,1
data/raw/train\male\Colin_Powell_0134.jpg,1
data/raw/train\male\Colin_Powell_0135.jpg,1
data/raw/train\male\Colin_Powell_0136.jpg,1
data/raw/train\male\Colin_Powell_0137.jpg,1
data/raw/train\male\Colin_Powell_0138.jpg,1
data/raw/train\male\Colin_Powell_0139.jpg,1
data/raw/train\male\Colin_Powell_0140.jpg,1
data/raw/train\male\Colin_Powell_0141.jpg,1
data/raw/train\male\Colin_Powell_0142.jpg,1
data/raw/train\male\Colin_Powell_0143.jpg,1
data/raw/train\male\Colin_Powell_0144.jpg,1
data/raw/train\male\Colin_Powell_0145.jpg,1
data/raw/train\male\Colin_Powell_0146.jpg,1
data/raw/train\male\Colin_Powell_0147.jpg,1
data/raw/train\male\Colin_Powell_0148.jpg,1
data/raw/train\male\Colin_Powell_0149.jpg,1
data/raw/train\male\Colin_Powell_0150.jpg,1
data/raw/train\male\Colin_Powell_0151.jpg,1
data/raw/train\male\Colin_Powell_0152.jpg,1
data/raw/train\male\Colin_Powell_0153.jpg,1
data/raw/train\male\Colin_Powell_0154.jpg,1
data/raw/train\male\Colin_Powell_0155.jpg,1
data/raw/train\male\Colin_Powell_0156.jpg,1
data/raw/train\male\Colin_Powell_0157.jpg,1
data/raw/train\male\Colin_Powell_0158.jpg,1
data/raw/train\male\Colin_Powell_0159.jpg,1
data/raw/train\male\Colin_Powell_0160.jpg,1
data/raw/train\male\Colin_Powell_0161.jpg,1
data/raw/train\male\Colin_Powell_0162.jpg,1
data/raw/train\male\Colin_Powell_0163.jpg,1
data/raw/train\male\Colin_Powell_0164.jpg,1
data/raw/train\male\Colin_Powell_0165.jpg,1
data/raw/train\male\Colin_Powell_0166.jpg,1
data/raw/train\male\Colin_Powell_0167.jpg,1
data/raw/train\male\Colin_Powell_0168.jpg,1
data/raw/train\male\Colin_Powell_0169.jpg,1
data/raw/train\male\Colin_Powell_0170.jpg,1
data/raw/train\male\Colin_Powell_0171.jpg,1
data/raw/train\male\Colin_Powell_0172.jpg,1
data/raw/train\male\Colin_Powell_0173.jpg,1
data/raw/train\male\Colin_Powell_0174.jpg,1
data/raw/train\male\Colin_Powell_0175.jpg,1
data/raw/train\male\Colin_Powell_0176.jpg,1
data/raw/train\male\Colin_Powell_0177.jpg,1
data/raw/train\male\Colin_Powell_0178.jpg,1
data/raw/train\male\Colin_Powell_0179.jpg,1
data/raw/train\male\Colin_Powell_0180.jpg,1
data/raw/train\male\Colin_Powell_0181.jpg,1
data/raw/train\male\Colin_Powell_0182.jpg,1
data/raw/train\male\Colin_Powell_0183.jpg,1
data/raw/train\male\Colin_Powell_0184.jpg,1
data/raw/train\male\Colin_Powell_0185.jpg,1
data/raw/train\male\Colin_Powell_0186.jpg,1
data/raw/train\male\Colin_Powell_0187.jpg,1
data/raw/train\male\Colin_Powell_0188.jpg,1
data/raw/train\male\Colin_Powell_0189.jpg,1
data/raw/train\male\Colin_Powell_0190.jpg,1
data/raw/train\male\Colin_Powell_0191.jpg,1
data/raw/train\male\Colin_Powell_0192.jpg,1
data/raw/train\male\Colin_Powell_0193.jpg,1
data/raw/train\male\Colin_Powell_0194.jpg,1
data/raw/train\male\Colin_Powell_0195.jpg,1
data/raw/train\male\Colin_Powell_0196.jpg,1
data/raw/train\male\Colin_Powell_0197.jpg,1
data/raw/train\male\Colin_Powell_0198.jpg,1
data/raw/train\male\Colin_Powell_0199.jpg,1
data/raw/train\male\Colin_Powell_0200.jpg,1
data/raw/train\male\Colin_Powell_0201.jpg,1
data/raw/train\male\Colin_Powell_0202.jpg,1
data/raw/train\male\Colin_Powell_0203.jpg,1
data/raw/train\male\Colin_Powell_0204.jpg,1
data/raw/train\male\Colin_Powell_0205.jpg,1
data/raw/train\male\Colin_Powell_0206.jpg,1
data/raw/train\male\Colin_Powell_0207.jpg,1
data/raw/train\male\Colin_Powell_0208.jpg,1
data/raw/train\male\Colin_Powell_0209.jpg,1
data/raw/train\male\Colin_Powell_0210.jpg,1
data/raw/train\male\Colin_Powell_0211.jpg,1
data/raw/train\male\Colin_Powell_0212.jpg,1
data/raw/train\male\Colin_Powell_0213.jpg,1
data/raw/train\male\Colin_Powell_0214.jpg,1
data/raw/train\male\Colin_Powell_0215.jpg,1
data/raw/train\male\Colin_Powell_0216.jpg,1
data/raw/train\male\Colin_Powell_0217.jpg,1
data/raw/train\male\Colin_Powell_0218.jpg,1
data/raw/train\male\Colin_Powell_0219.jpg,1
data/raw/train\male\Colin_Powell_0220.jpg,1
data/raw/train\male\Colin_Powell_0221.jpg,1
data/raw/train\male\Colin_Powell_0222.jpg,1
data/raw/train\male\Colin_Powell_0223.jpg,1
data/raw/train\male\Colin_Powell_0224.jpg,1
data/raw/train\male\Colin_Powell_0225.jpg,1
data/raw/train\male\Colin_Powell_0226.jpg,1
data/raw/train\male\Colin_Powell_0227.jpg,1
data/raw/train\male\Colin_Powell_0228.jpg,1
data/raw/train\male\Colin_Powell_0229.jpg,1
data/raw/train\male\Colin_Powell_0230.jpg,1
data/raw/train\male\Colin_Powell_0231.jpg,1
data/raw/train\male\Colin_Powell_0232.jpg,1
data/raw/train\male\Colin_Powell_0233.jpg,1
data/raw/train\male\Colin_Powell_0234.jpg,1
data/raw/train\male\Colin_Powell_0235.jpg,1
data/raw/train\male\Colin_Powell_0236.jpg,1
data/raw/train\male\Compay_Segundo_0001.jpg,1
data/raw/train\male\Crispin_Glover_0001.jpg,1
data/raw/train\male\Cristian_Barros_0001.jpg,1
data/raw/train\male\Dai_Chul_Chyung_0001.jpg,1
data/raw/train\male\Daniel_Barenboim_0001.jpg,1
data/raw/train\male\Daniel_Chin_0001.jpg,1
data/raw/train\male\Daniel_Pearl_0001.jpg,1
data/raw/train\male\Daniel_Radcliffe_0001.jpg,1
data/raw/train\male\Daniel_Radcliffe_0002.jpg,1
data/raw/train\male\Daniel_Radcliffe_0003.jpg,1
data/raw/train\male\Daniel_Radcliffe_0004.jpg,1
data/raw/train\male\Dan_Wheldon_0001.jpg,1
data/raw/train\male\Dan_Wheldon_0002.jpg,1
data/raw/train\male\Darin_Erstad_0001.jpg,1
data/raw/train\male\Dario_Franchitti_0001.jpg,1
data/raw/train\male\Darryl_Stingley_0001.jpg,1
data/raw/train\male\Dave_Lewis_0001.jpg,1
data/raw/train\male\Dave_Odom_0001.jpg,1
data/raw/train\male\Dave_Robertson_0001.jpg,1
data/raw/train\male\Dave_Williams_0001.jpg,1
data/raw/train\male\David_Collenette_0001.jpg,1
data/raw/train\male\David_Dorfman_0001.jpg,1
data/raw/train\male\David_Hanson_0001.jpg,1
data/raw/train\male\David_Kelly_0001.jpg,1
data/raw/train\male\David_Modell_0001.jpg,1
data/raw/train\male\David_Obey_0001.jpg,1
data/raw/train\male\David_Przybyszewski_0001.jpg,1
data/raw/train\male\Dean_Barkley_0001.jpg,1
data/raw/train\male\Dean_Barkley_0002.jpg,1
data/raw/train\male\Dean_Barkley_0003.jpg,1
data/raw/train\male\Dean_Barkley_0004.jpg,1
data/raw/train\male\Deniz_Baykal_0001.jpg,1
data/raw/train\male\Denzel_Washington_0001.jpg,1
data/raw/train\male\Denzel_Washington_0002.jpg,1
data/raw/train\male\Denzel_Washington_0003.jpg,1
data/raw/train\male\Denzel_Washington_0004.jpg,1
data/raw/train\male\Denzel_Washington_0005.jpg,1
data/raw/train\male\Derek_Jeter_0001.jpg,1
data/raw/train\male\Derek_Jeter_0002.jpg,1
data/raw/train\male\Derek_Jeter_0003.jpg,1
data/raw/train\male\Derek_Jeter_0004.jpg,1
data/raw/train\male\Derrick_Battie_0001.jpg,1
data/raw/train\male\Derrick_Rodgers_0001.jpg,1
data/raw/train\male\Desmon_Farmer_0001.jpg,1
data/raw/train\male\Dick_Latessa_0001.jpg,1
data/raw/train\male\Dick_Latessa_0002.jpg,1
data/raw/train\male\Dick_Smothers_0001.jpg,1
data/raw/train\male\Din_Samsudin_0001.jpg,1
data/raw/train\male\Dion_Glover_0001.jpg,1
data/raw/train\male\Donald_Keck_0001.jpg,1
data/raw/train\male\Donald_Pettit_0001.jpg,1
data/raw/train\male\Donald_Pettit_0002.jpg,1
data/raw/train\male\Donald_Pettit_0003.jpg,1
data/raw/train\male\Douglas_Faneuil_0001.jpg,1
data/raw/train\male\Douglas_Paal_0001.jpg,1
data/raw/train\male\Doug_Moe_0001.jpg,1
data/raw/train\male\Dusty_Baker_0001.jpg,1
data/raw/train\male\Edgar_Savisaar_0001.jpg,1
data/raw/train\male\Edward_Belvin_0001.jpg,1
data/raw/train\male\Ed_Book_0001.jpg,1
data/raw/train\male\Ed_Case_0001.jpg,1
data/raw/train\male\Ed_Sullivan_0001.jpg,1
data/raw/train\male\Efrain_Rios_Montt_0001.jpg,1
data/raw/train\male\Elgin_Baylor_0001.jpg,1
data/raw/train\male\Elias_Attallah_0001.jpg,1
data/raw/train\male\Eli_Broad_0001.jpg,1
data/raw/train\male\Eli_Rosenbaum_0001.jpg,1
data/raw/train\male\Elvis_Costello_0001.jpg,1
data/raw/train\male\Emmanuel_Milingo_0001.jpg,1
data/raw/train\male\Emyr_Jones_Parry_0001.jpg,1
data/raw/train\male\Enrique_Iglesias_0001.jpg,1
data/raw/train\male\Eric_Christian_Olsen_0001.jpg,1
data/raw/train\male\Eric_Ryan_Donnelly_0001.jpg,1
data/raw/train\male\Eric_Vigouroux_0001.jpg,1
data/raw/train\male\Eric_Wedge_0001.jpg,1
data/raw/train\male\Erwin_Mapasseng_0001.jpg,1
data/raw/train\male\Evan_Marriott_0001.jpg,1
data/raw/train\male\E_Clay_Shaw_0001.jpg,1
data/raw/train\male\Faisal_Saleh_Hayat_0001.jpg,1
data/raw/train\male\Fazal-ur-Rehman_0001.jpg,1
data/raw/train\male\Federico_Trillo_0001.jpg,1
data/raw/train\male\Federico_Trillo_0002.jpg,1
data/raw/train\male\Federico_Trillo_0003.jpg,1
data/raw/train\male\Fernando_Leon_de_Aranoa_0001.jpg,1
data/raw/train\male\Floyd_Mayweather_0001.jpg,1
data/raw/train\male\Francois_Pienaar_0001.jpg,1
data/raw/train\male\Franco_Cangele_0001.jpg,1
data/raw/train\male\Frank_Lautenberg_0001.jpg,1
data/raw/train\male\Frank_Lautenberg_0002.jpg,1
data/raw/train\male\Frank_Schmoekel_0001.jpg,1
data/raw/train\male\Fred_Funk_0001.jpg,1
data/raw/train\male\Fred_Funk_0002.jpg,1
data/raw/train\male\Gabriel_Farhi_0001.jpg,1
data/raw/train\male\Gabriel_Hughes_0001.jpg,1
data/raw/train\male\Gael_Garcia_Bermal_0001.jpg,1
data/raw/train\male\Garry_McCoy_0001.jpg,1
data/raw/train\male\Gary_Bald_0001.jpg,1
data/raw/train\male\Gary_Barnett_0001.jpg,1
data/raw/train\male\Gary_Gitnick_0001.jpg,1
data/raw/train\male\Gary_Locke_0001.jpg,1
data/raw/train\male\Gary_Locke_0002.jpg,1
data/raw/train\male\Gary_Marshall_0001.jpg,1
data/raw/train\male\Gary_Williams_0001.jpg,1
data/raw/train\male\Gary_Williams_0002.jpg,1
data/raw/train\male\Gene_Sauers_0001.jpg,1
data/raw/train\male\George_Lopez_0001.jpg,1
data/raw/train\male\George_Lopez_0002.jpg,1
data/raw/train\male\George_Lopez_0003.jpg,1
data/raw/train\male\George_Lopez_0004.jpg,1
data/raw/train\male\George_Lopez_0005.jpg,1
data/raw/train\male\Geovani_Lapentti_0001.jpg,1
data/raw/train\male\Gerard_Butler_0001.jpg,1
data/raw/train\male\Gianni_Agnelli_0001.jpg,1
data/raw/train\male\Gore_Vidal_0001.jpg,1
data/raw/train\male\Graeme_Smith_0001.jpg,1
data/raw/train\male\Gregg_Popovich_0001.jpg,1
data/raw/train\male\Gregg_Popovich_0002.jpg,1
data/raw/train\male\Gregg_Popovich_0003.jpg,1
data/raw/train\male\Gregg_Popovich_0004.jpg,1
data/raw/train\male\Gregg_Popovich_0005.jpg,1
data/raw/train\male\Gregorio_Honasan_0001.jpg,1
data/raw/train\male\Greg_Hennigar_0001.jpg,1
data/raw/train\male\Greg_Ostertag_0001.jpg,1
data/raw/train\male\Greg_Ostertag_0002.jpg,1
data/raw/train\male\Greg_Rusedski_0001.jpg,1
data/raw/train\male\Greg_Rusedski_0002.jpg,1
data/raw/train\male\Greg_Rusedski_0003.jpg,1
data/raw/train\male\Greg_Rusedski_0004.jpg,1
data/raw/train\male\Guillaume_Soro_0001.jpg,1
data/raw/train\male\Guillaume_Soro_0002.jpg,1
data/raw/train\male\Guillermo_Ruiz_Polanco_0001.jpg,1
data/raw/train\male\Guy_Ritchie_0001.jpg,1
data/raw/train\male\Guy_Ritchie_0002.jpg,1
data/raw/train\male\Gwendal_Peizerat_0001.jpg,1
data/raw/train\male\Gwendal_Peizerat_0002.jpg,1
data/raw/train\male\Gwendal_Peizerat_0003.jpg,1
data/raw/train\male\Habib_Rizieq_0001.jpg,1
data/raw/train\male\Habib_Rizieq_0002.jpg,1
data/raw/train\male\Habib_Rizieq_0003.jpg,1
data/raw/train\male\Habib_Rizieq_0004.jpg,1
data/raw/train\male\Habib_Rizieq_0005.jpg,1
data/raw/train\male\Hamid_Karzai_0001.jpg,1
data/raw/train\male\Hamid_Karzai_0002.jpg,1
data/raw/train\male\Hamid_Karzai_0003.jpg,1
data/raw/train\male\Hamid_Karzai_0004.jpg,1
data/raw/train\male\Hamid_Karzai_0005.jpg,1
data/raw/train\male\Hamid_Karzai_0006.jpg,1
data/raw/train\male\Hamid_Karzai_0007.jpg,1
data/raw/train\male\Hamid_Karzai_0008.jpg,1
data/raw/train\male\Hamid_Karzai_0009.jpg,1
data/raw/train\male\Hamid_Karzai_0010.jpg,1
data/raw/train\male\Hamid_Karzai_0011.jpg,1
data/raw/train\male\Hamid_Karzai_0012.jpg,1
data/raw/train\male\Hamid_Karzai_0013.jpg,1
data/raw/train\male\Hamid_Karzai_0014.jpg,1
data/raw/train\male\Hamid_Karzai_0015.jpg,1
data/raw/train\male\Hamid_Karzai_0016.jpg,1
data/raw/train\male\Hamid_Karzai_0017.jpg,1
data/raw/train\male\Hamid_Karzai_0018.jpg,1
data/raw/train\male\Hamid_Karzai_0019.jpg,1
data/raw/train\male\Hamid_Karzai_0020.jpg,1
data/raw/train\male\Hamid_Karzai_0021.jpg,1
data/raw/train\male\Hamid_Karzai_0022.jpg,1
data/raw/train\male\Hank_Stram_0001.jpg,1
data/raw/train\male\Hans_Leistritz_0001.jpg,1
data/raw/train\male\Hans_Peter_Briegel_0001.jpg,1
data/raw/train\male\Harvey_Fierstein_0001.jpg,1
data/raw/train\male\Helio_Castroneves_0001.jpg,1
data/raw/train\male\Herb_Brooks_0001.jpg,1
data/raw/train\male\Hermando_Harton_0001.jpg,1
data/raw/train\male\Hideki_Sato_0001.jpg,1
data/raw/train\male\Hidetoshi_Nakata_0001.jpg,1
data/raw/train\male\Horace_Donovan_Reid_0001.jpg,1
data/raw/train\male\Hugh_Campbell_0001.jpg,1
data/raw/train\male\Hugo_Chavez_0001.jpg,1
data/raw/train\male\Hugo_Chavez_0002.jpg,1
data/raw/train\male\Hugo_Chavez_0003.jpg,1
data/raw/train\male\Hugo_Chavez_0004.jpg,1
data/raw/train\male\Hugo_Chavez_0005.jpg,1
data/raw/train\male\Hugo_Chavez_0006.jpg,1
data/raw/train\male\Hugo_Chavez_0007.jpg,1
data/raw/train\male\Hugo_Chavez_0008.jpg,1
data/raw/train\male\Hugo_Chavez_0009.jpg,1
data/raw/train\male\Hugo_Chavez_0010.jpg,1
data/raw/train\male\Hugo_Chavez_0011.jpg,1
data/raw/train\male\Hugo_Chavez_0012.jpg,1
data/raw/train\male\Hugo_Chavez_0013.jpg,1
data/raw/train\male\Hugo_Chavez_0014.jpg,1
data/raw/train\male\Hugo_Chavez_0015.jpg,1
data/raw/train\male\Hugo_Chavez_0016.jpg,1
data/raw/train\male\Hugo_Chavez_0017.jpg,1
data/raw/train\male\Hugo_Chavez_0018.jpg,1
data/raw/train\male\Hugo_Chavez_0019.jpg,1
data/raw/train\male\Hugo_Chavez_0020.jpg,1
data/raw/train\male\Hugo_Chavez_0021.jpg,1
data/raw/train\male\Hugo_Chavez_0022.jpg,1
data/raw/train\male\Hugo_Chavez_0023.jpg,1
data/raw/train\male\Hugo_Chavez_0024.jpg,1
data/raw/train\male\Hugo_Chavez_0025.jpg,1
data/raw/train\male\Hugo_Chavez_0026.jpg,1
data/raw/train\male\Hugo_Chavez_0027.jpg,1
data/raw/train\male\Hugo_Chavez_0028.jpg,1
data/raw/train\male\Hugo_Chavez_0029.jpg,1
data/raw/train\male\Hugo_Chavez_0030.jpg,1
data/raw/train\male\Hugo_Chavez_0031.jpg,1
data/raw/train\male\Hugo_Chavez_0032.jpg,1
data/raw/train\male\Hugo_Chavez_0033.jpg,1
data/raw/train\male\Hugo_Chavez_0034.jpg,1
data/raw/train\male\Hugo_Chavez_0035.jpg,1
data/raw/train\male\Hugo_Chavez_0036.jpg,1
data/raw/train\male\Hugo_Chavez_0037.jpg,1
data/raw/train\male\Hugo_Chavez_0038.jpg,1
data/raw/train\male\Hugo_Chavez_0039.jpg,1
data/raw/train\male\Hugo_Chavez_0040.jpg,1
data/raw/train\male\Hugo_Chavez_0041.jpg,1
data/raw/train\male\Hugo_Chavez_0042.jpg,1
data/raw/train\male\Hugo_Chavez_0043.jpg,1
data/raw/train\male\Hugo_Chavez_0044.jpg,1
data/raw/train\male\Hugo_Chavez_0045.jpg,1
data/raw/train\male\Hugo_Chavez_0046.jpg,1
data/raw/train\male\Hugo_Chavez_0047.jpg,1
data/raw/train\male\Hugo_Chavez_0048.jpg,1
data/raw/train\male\Hugo_Chavez_0049.jpg,1
data/raw/train\male\Hugo_Chavez_0050.jpg,1
data/raw/train\male\Hugo_Chavez_0051.jpg,1
data/raw/train\male\Hugo_Chavez_0052.jpg,1
data/raw/train\male\Hugo_Chavez_0053.jpg,1
data/raw/train\male\Hugo_Chavez_0054.jpg,1
data/raw/train\male\Hugo_Chavez_0055.jpg,1
data/raw/train\male\Hugo_Chavez_0056.jpg,1
data/raw/train\male\Hugo_Chavez_0057.jpg,1
data/raw/train\male\Hugo_Chavez_0058.jpg,1
data/raw/train\male\Hugo_Chavez_0059.jpg,1
data/raw/train\male\Hugo_Chavez_0060.jpg,1
data/raw/train\male\Hugo_Chavez_0061.jpg,1
data/raw/train\male\Hugo_Chavez_0062.jpg,1
data/raw/train\male\Hugo_Chavez_0063.jpg,1
data/raw/train\male\Hugo_Chavez_0064.jpg,1
data/raw/train\male\Hugo_Chavez_0065.jpg,1
data/raw/train\male\Hugo_Chavez_0066.jpg,1
data/raw/train\male\Hugo_Chavez_0067.jpg,1
data/raw/train\male\Hugo_Chavez_0068.jpg,1
data/raw/train\male\Hugo_Chavez_0069.jpg,1
data/raw/train\male\Hugo_Chavez_0070.jpg,1
data/raw/train\male\Hugo_Chavez_0071.jpg,1
data/raw/train\male\Hun_Sen_0001.jpg,1
data/raw/train\male\Hun_Sen_0002.jpg,1
data/raw/train\male\Hun_Sen_0003.jpg,1
data/raw/train\male\Hun_Sen_0004.jpg,1
data/raw/train\male\Hushiar_Zebari_0001.jpg,1
data/raw/train\male\Hussam_Mohammed_Amin_0001.jpg,1
data/raw/train\male\Hussein_Malik_0001.jpg,1
data/raw/train\male\Hwang_Doo-yun_0001.jpg,1
data/raw/train\male\Ian_Wilmut_0001.jpg,1
data/raw/train\male\Ignatius_Wang_0001.jpg,1
data/raw/train\male\Ilan_Ramon_0001.jpg,1
data/raw/train\male\Ilan_Ramon_0002.jpg,1
data/raw/train\male\Ilan_Ramon_0003.jpg,1
data/raw/train\male\Irfan_Ahmed_0001.jpg,1
data/raw/train\male\Irwan_Fadzi_Idris_0001.jpg,1
data/raw/train\male\Isaiah_Washington_0001.jpg,1
data/raw/train\male\Isaiah_Washington_0002.jpg,1
data/raw/train\male\Isidro_Pastor_0001.jpg,1
data/raw/train\male\Ismail_Cem_0001.jpg,1
data/raw/train\male\Jacky_Cheung_0001.jpg,1
data/raw/train\male\Jack_Welch_0001.jpg,1
data/raw/train\male\James_Ballenger_0001.jpg,1
data/raw/train\male\James_Blake_0001.jpg,1
data/raw/train\male\James_Blake_0002.jpg,1
data/raw/train\male\James_Blake_0003.jpg,1
data/raw/train\male\James_Blake_0004.jpg,1
data/raw/train\male\James_Blake_0005.jpg,1
data/raw/train\male\James_Blake_0006.jpg,1
data/raw/train\male\James_Blake_0007.jpg,1
data/raw/train\male\James_Blake_0008.jpg,1
data/raw/train\male\James_Blake_0009.jpg,1
data/raw/train\male\James_Blake_0010.jpg,1
data/raw/train\male\James_Blake_0011.jpg,1
data/raw/train\male\James_Blake_0012.jpg,1
data/raw/train\male\James_Blake_0013.jpg,1
data/raw/train\male\James_Blake_0014.jpg,1
data/raw/train\male\James_Carville_0001.jpg,1
data/raw/train\male\James_Lockhart_0001.jpg,1
data/raw/train\male\James_Mathis_0001.jpg,1
data/raw/train\male\James_Meredeth_0001.jpg,1
data/raw/train\male\James_Parker_0001.jpg,1
data/raw/train\male\James_Parker_0002.jpg,1
data/raw/train\male\James_Sensenbrenner_0001.jpg,1
data/raw/train\male\Jamie_Villafane_0001.jpg,1
data/raw/train\male\Jamie_Villafane_0002.jpg,1
data/raw/train\male\Jaromir_Jagr_0001.jpg,1
data/raw/train\male\Jason_Biggs_0001.jpg,1
data/raw/train\male\Jason_Gardner_0001.jpg,1
data/raw/train\male\Jason_Priestley_0001.jpg,1
data/raw/train\male\Javier_Saviola_0001.jpg,1
data/raw/train\male\Jay_Garner_0001.jpg,1
data/raw/train\male\Jay_Garner_0002.jpg,1
data/raw/train\male\Jay_Garner_0003.jpg,1
data/raw/train\male\Jay_Garner_0004.jpg,1
data/raw/train\male\Jay_Garner_0005.jpg,1
data/raw/train\male\Jay_Garner_0006.jpg,1
data/raw/train\male\Jean-Luc_Bideau_0001.jpg,1
data/raw/train\male\Jean-Pierre_Bemba_0001.jpg,1
data/raw/train\male\Jean-Pierre_Raffarin_0001.jpg,1
data/raw/train\male\Jean-Pierre_Raffarin_0002.jpg,1
data/raw/train\male\Jean-Pierre_Raffarin_0003.jpg,1
data/raw/train\male\Jean-Pierre_Raffarin_0004.jpg,1
data/raw/train\male\Jean-Pierre_Raffarin_0005.jpg,1
data/raw/train\male\Jean-Pierre_Raffarin_0006.jpg,1
data/raw/train\male\Jean-Pierre_Raffarin_0007.jpg,1
data/raw/train\male\Jeffrey_Ashby_0001.jpg,1
data/raw/train\male\Jeff_George_0001.jpg,1
data/raw/train\male\Jeong_Se-hyun_0001.jpg,1
data/raw/train\male\Jeong_Se-hyun_0002.jpg,1
data/raw/train\male\Jeong_Se-hyun_0003.jpg,1
data/raw/train\male\Jeong_Se-hyun_0004.jpg,1
data/raw/train\male\Jeong_Se-hyun_0005.jpg,1
data/raw/train\male\Jeong_Se-hyun_0006.jpg,1
data/raw/train\male\Jeong_Se-hyun_0007.jpg,1
data/raw/train\male\Jeong_Se-hyun_0008.jpg,1
data/raw/train\male\Jeong_Se-hyun_0009.jpg,1
data/raw/train\male\Jeremy_Fogel_0001.jpg,1
data/raw/train\male\Jeremy_Shockey_0001.jpg,1
data/raw/train\male\Jeremy_Shockey_0002.jpg,1
data/raw/train\male\Jerry_Pauley_0001.jpg,1
data/raw/train\male\Jerry_Regier_0001.jpg,1
data/raw/train\male\Jerry_Regier_0002.jpg,1
data/raw/train\male\Jerry_Regier_0003.jpg,1
data/raw/train\male\Jerry_Regier_0004.jpg,1
data/raw/train\male\Jerry_Rice_0001.jpg,1
data/raw/train\male\Jerry_Sexton_0001.jpg,1
data/raw/train\male\Jesse_Helms_0001.jpg,1
data/raw/train\male\Jimmy_Jimenez_0001.jpg,1
data/raw/train\male\Jim_Ahern_0001.jpg,1
data/raw/train\male\Jim_Carrey_0001.jpg,1
data/raw/train\male\Jim_Carrey_0002.jpg,1
data/raw/train\male\Jim_Carrey_0003.jpg,1
data/raw/train\male\Jim_Harrick_0001.jpg,1
data/raw/train\male\Jim_Harrick_0002.jpg,1
data/raw/train\male\Jim_Leach_0001.jpg,1
data/raw/train\male\Jim_Paxson_0001.jpg,1
data/raw/train\male\Jim_Sterk_0001.jpg,1
data/raw/train\male\Jody_Richards_0001.jpg,1
data/raw/train\male\Joerg_Haider_0001.jpg,1
data/raw/train\male\Joerg_Haider_0002.jpg,1
data/raw/train\male\Joe_Calzaghe_0001.jpg,1
data/raw/train\male\Joe_Calzaghe_0002.jpg,1
data/raw/train\male\Joe_Cocker_0001.jpg,1
data/raw/train\male\Joe_Dicaro_0001.jpg,1
data/raw/train\male\Joe_Mantello_0001.jpg,1
data/raw/train\male\Joe_Mantello_0002.jpg,1
data/raw/train\male\Joe_Plumeri_0001.jpg,1
data/raw/train\male\Johnny_Benson_0001.jpg,1
data/raw/train\male\Johnny_Depp_0001.jpg,1
data/raw/train\male\Johnny_Depp_0002.jpg,1
data/raw/train\male\Johnny_Unitas_0001.jpg,1
data/raw/train\male\Johnny_Unitas_0002.jpg,1
data/raw/train\male\John_Abizaid_0001.jpg,1
data/raw/train\male\John_Abizaid_0002.jpg,1
data/raw/train\male\John_Abizaid_0003.jpg,1
data/raw/train\male\John_Abizaid_0004.jpg,1
data/raw/train\male\John_Abizaid_0005.jpg,1
data/raw/train\male\John_Abizaid_0006.jpg,1
data/raw/train\male\John_Abizaid_0007.jpg,1
data/raw/train\male\John_Abizaid_0008.jpg,1
data/raw/train\male\John_Abizaid_0009.jpg,1
data/raw/train\male\John_Banko_0001.jpg,1
data/raw/train\male\John_Banko_0002.jpg,1
data/raw/train\male\John_Bolton_0001.jpg,1
data/raw/train\male\John_Bolton_0002.jpg,1
data/raw/train\male\John_Bolton_0003.jpg,1
data/raw/train\male\John_Bolton_0004.jpg,1
data/raw/train\male\John_Bolton_0005.jpg,1
data/raw/train\male\John_Bolton_0006.jpg,1
data/raw/train\male\John_Bolton_0007.jpg,1
data/raw/train\male\John_Bolton_0008.jpg,1
data/raw/train\male\John_Bolton_0009.jpg,1
data/raw/train\male\John_Bolton_0010.jpg,1
data/raw/train\male\John_Bolton_0011.jpg,1
data/raw/train\male\John_Bolton_0012.jpg,1
data/raw/train\male\John_Bolton_0013.jpg,1
data/raw/train\male\John_Bolton_0014.jpg,1
data/raw/train\male\John_Bolton_0015.jpg,1
data/raw/train\male\John_Bolton_0016.jpg,1
data/raw/train\male\John_Bolton_0017.jpg,1
data/raw/train\male\John_Bond_0001.jpg,1
data/raw/train\male\John_Connolly_0001.jpg,1
data/raw/train\male\John_Eder_0001.jpg,1
data/raw/train\male\John_Edwards_0001.jpg,1
data/raw/train\male\John_Edwards_0002.jpg,1
data/raw/train\male\John_Edwards_0003.jpg,1
data/raw/train\male\John_Edwards_0004.jpg,1
data/raw/train\male\John_Edwards_0005.jpg,1
data/raw/train\male\John_Edwards_0006.jpg,1
data/raw/train\male\John_Edwards_0007.jpg,1
data/raw/train\male\John_Edwards_0008.jpg,1
data/raw/train\male\John_Franco_0001.jpg,1
data/raw/train\male\John_Gruden_0001.jpg,1
data/raw/train\male\John_Kerry_0001.jpg,1
data/raw/train\male\John_Kerry_0002.jpg,1
data/raw/train\male\John_Kerry_0003.jpg,1
data/raw/train\male\John_Kerry_0004.jpg,1
data/raw/train\male\John_Kerry_0005.jpg,1
data/raw/train\male\John_Kerry_0006.jpg,1
data/raw/train\male\John_Kerry_0007.jpg,1
data/raw/train\male\John_Kerry_0008.jpg,1
data/raw/train\male\John_Kerry_0009.jpg,1
data/raw/train\male\John_Kerry_0010.jpg,1
data/raw/train\male\John_Kerry_0011.jpg,1
data/raw/train\male\John_Kerry_0012.jpg,1
data/raw/train\male\John_Kerry_0013.jpg,1
data/raw/train\male\John_Kerry_0014.jpg,1
data/raw/train\male\John_Kerry_0015.jpg,1
data/raw/train\male\John_Kerry_0016.jpg,1
data/raw/train\male\John_Kerry_0017.jpg,1
data/raw/train\male\John_Kerr_0001.jpg,1
data/raw/train\male\John_Mayer_0001.jpg,1
data/raw/train\male\John_Mayer_0002.jpg,1
data/raw/train\male\John_Mayer_0003.jpg,1
data/raw/train\male\John_McCallum_0001.jpg,1
data/raw/train\male\John_McCallum_0002.jpg,1
data/raw/train\male\John_Paul_DeJoria_0001.jpg,1
data/raw/train\male\Jon_Gruden_0001.jpg,1
data/raw/train\male\Jon_Gruden_0002.jpg,1
data/raw/train\male\Jon_Gruden_0003.jpg,1
data/raw/train\male\Jon_Gruden_0004.jpg,1
data/raw/train\male\Jon_Gruden_0005.jpg,1
data/raw/train\male\Jon_Gruden_0006.jpg,1
data/raw/train\male\Jon_Gruden_0007.jpg,1
data/raw/train\male\Jorge_Moreno_0001.jpg,1
data/raw/train\male\Joseph_LePore_0001.jpg,1
data/raw/train\male\Jose_Cevallos_0001.jpg,1
data/raw/train\male\Jose_Lina_0001.jpg,1
data/raw/train\male\Jose_Manuel_Durao_Barroso_0001.jpg,1
data/raw/train\male\Jose_Manuel_Durao_Barroso_0002.jpg,1
data/raw/train\male\Jose_Manuel_Durao_Barroso_0003.jpg,1
data/raw/train\male\Jose_Manuel_Durao_Barroso_0004.jpg,1
data/raw/train\male\Jose_Manuel_Durao_Barroso_0005.jpg,1
data/raw/train\male\Jose_Manuel_Durao_Barroso_0006.jpg,1
data/raw/train\male\Jose_Theodore_0001.jpg,1
data/raw/train\male\Jose_Theodore_0002.jpg,1
data/raw/train\male\Josh_Kronfeld_0001.jpg,1
data/raw/train\male\JP_Suarez_0001.jpg,1
data/raw/train\male\Juanes_0001.jpg,1
data/raw/train\male\Juanes_0002.jpg,1
data/raw/train\male\Juanes_0003.jpg,1
data/raw/train\male\Juan_Carlos_Ortega_0001.jpg,1
data/raw/train\male\Juan_Ignacio_Chela_0001.jpg,1
data/raw/train\male\Juan_Ignacio_Chela_0002.jpg,1
data/raw/train\male\Juan_Ignacio_Chela_0003.jpg,1
data/raw/train\male\Juergen_Peters_0001.jpg,1
data/raw/train\male\Juergen_Peters_0002.jpg,1
data/raw/train\male\Julian_Battle_0001.jpg,1
data/raw/train\male\Justin_Wilson_0001.jpg,1
data/raw/train\male\Kaio_Almeida_0001.jpg,1
data/raw/train\male\Karl-Heinz_Rummenigge_0001.jpg,1
data/raw/train\male\Keith_Foulke_0001.jpg,1
data/raw/train\male\Keith_Tyson_0001.jpg,1
data/raw/train\male\Kenneth_Evans_0001.jpg,1
data/raw/train\male\Kenneth_Evans_0002.jpg,1
data/raw/train\male\Kevin_Garnett_0001.jpg,1
data/raw/train\male\Kevin_Gil_0001.jpg,1
data/raw/train\male\Kevin_James_0001.jpg,1
data/raw/train\male\Kevin_Satterfield_0001.jpg,1
data/raw/train\male\Kieran_Culkin_0001.jpg,1
data/raw/train\male\Klaus_Schwab_0001.jpg,1
data/raw/train\male\Klaus_Zwickel_0001.jpg,1
data/raw/train\male\Klaus_Zwickel_0002.jpg,1
data/raw/train\male\Kofi_Annan_0001.jpg,1
data/raw/train\male\Kofi_Annan_0002.jpg,1
data/raw/train\male\Kofi_Annan_0003.jpg,1
data/raw/train\male\Kofi_Annan_0004.jpg,1
data/raw/train\male\Kofi_Annan_0005.jpg,1
data/raw/train\male\Kofi_Annan_0006.jpg,1
data/raw/train\male\Kofi_Annan_0007.jpg,1
data/raw/train\male\Kofi_Annan_0008.jpg,1
data/raw/train\male\Kofi_Annan_0009.jpg,1
data/raw/train\male\Kofi_Annan_0010.jpg,1
data/raw/train\male\Kofi_Annan_0011.jpg,1
data/raw/train\male\Kofi_Annan_0012.jpg,1
data/raw/train\male\Kofi_Annan_0013.jpg,1
data/raw/train\male\Kofi_Annan_0014.jpg,1
data/raw/train\male\Kofi_Annan_0015.jpg,1
data/raw/train\male\Kofi_Annan_0016.jpg,1
data/raw/train\male\Kofi_Annan_0017.jpg,1
data/raw/train\male\Kofi_Annan_0018.jpg,1
data/raw/train\male\Kofi_Annan_0019.jpg,1
data/raw/train\male\Kofi_Annan_0020.jpg,1
data/raw/train\male\Kofi_Annan_0021.jpg,1
data/raw/train\male\Kofi_Annan_0022.jpg,1
data/raw/train\male\Kofi_Annan_0023.jpg,1
data/raw/train\male\Kofi_Annan_0024.jpg,1
data/raw/train\male\Kofi_Annan_0025.jpg,1
data/raw/train\male\Kofi_Annan_0026.jpg,1
data/raw/train\male\Kofi_Annan_0027.jpg,1
data/raw/train\male\Kofi_Annan_0028.jpg,1
data/raw/train\male\Kofi_Annan_0029.jpg,1
data/raw/train\male\Kofi_Annan_0030.jpg,1
data/raw/train\male\Kofi_Annan_0031.jpg,1
data/raw/train\male\Kofi_Annan_0032.jpg,1
data/raw/train\male\Kurt_Hellstrom_0001.jpg,1
data/raw/train\male\Kurt_Warner_0001.jpg,1
data/raw/train\male\Kurt_Warner_0002.jpg,1
data/raw/train\male\Kurt_Warner_0003.jpg,1
data/raw/train\male\Kurt_Warner_0004.jpg,1
data/raw/train\male\Kurt_Warner_0005.jpg,1
data/raw/train\male\Larry_Anderson_0001.jpg,1
data/raw/train\male\Larry_Beinfest_0001.jpg,1
data/raw/train\male\Larry_Brown_0001.jpg,1
data/raw/train\male\Larry_Brown_0002.jpg,1
data/raw/train\male\Larry_Brown_0003.jpg,1
data/raw/train\male\Larry_Brown_0004.jpg,1
data/raw/train\male\Larry_Brown_0005.jpg,1
data/raw/train\male\Larry_Brown_0006.jpg,1
data/raw/train\male\Larry_Brown_0007.jpg,1
data/raw/train\male\Larry_Ellison_0001.jpg,1
data/raw/train\male\Larry_Ellison_0002.jpg,1
data/raw/train\male\Larry_Ellison_0003.jpg,1
data/raw/train\male\Larry_Ralston_0001.jpg,1
data/raw/train\male\Laurence_Fishburne_0001.jpg,1
data/raw/train\male\Lawrence_Di_Rita_0001.jpg,1
data/raw/train\male\Leander_Paes_0001.jpg,1
data/raw/train\male\Leander_Paes_0002.jpg,1
data/raw/train\male\Leonard_Glick_0001.jpg,1
data/raw/train\male\Leon_Silver_0001.jpg,1
data/raw/train\male\Leo_Mullin_0001.jpg,1
data/raw/train\male\Leo_Ramirez_0001.jpg,1
data/raw/train\male\Leslie_Wiser_Jr_0001.jpg,1
data/raw/train\male\Lindy_Ruff_0001.jpg,1
data/raw/train\male\Linus_Roache_0001.jpg,1
data/raw/train\male\Lin_Yung_Hsi_0001.jpg,1
data/raw/train\male\Li_Changchun_0001.jpg,1
data/raw/train\male\Li_Peng_0001.jpg,1
data/raw/train\male\Li_Peng_0002.jpg,1
data/raw/train\male\Li_Peng_0003.jpg,1
data/raw/train\male\Li_Peng_0004.jpg,1
data/raw/train\male\Li_Peng_0005.jpg,1
data/raw/train\male\Li_Peng_0006.jpg,1
data/raw/train\male\Li_Peng_0007.jpg,1
data/raw/train\male\Li_Peng_0008.jpg,1
data/raw/train\male\Li_Peng_0009.jpg,1
data/raw/train\male\Li_Zhaoxing_0001.jpg,1
data/raw/train\male\Li_Zhaoxing_0002.jpg,1
data/raw/train\male\Li_Zhaoxing_0003.jpg,1
data/raw/train\male\Li_Zhaoxing_0004.jpg,1
data/raw/train\male\Li_Zhaoxing_0005.jpg,1
data/raw/train\male\Li_Zhaoxing_0006.jpg,1
data/raw/train\male\Li_Zhaoxing_0007.jpg,1
data/raw/train\male\Li_Zhaoxing_0008.jpg,1
data/raw/train\male\LK_Advani_0001.jpg,1
data/raw/train\male\LK_Advani_0002.jpg,1
data/raw/train\male\LK_Advani_0003.jpg,1
data/raw/train\male\Lloyd_Mudiwa_0001.jpg,1
data/raw/train\male\Louis_Van_Gaal_0001.jpg,1
data/raw/train\male\Luc_Montagnier_0001.jpg,1
data/raw/train\male\Luis_Gonzalez_Macchi_0001.jpg,1
data/raw/train\male\Luis_Gonzalez_Macchi_0002.jpg,1
data/raw/train\male\Luis_Gonzalez_Macchi_0003.jpg,1
data/raw/train\male\Luis_Gonzalez_Macchi_0004.jpg,1
data/raw/train\male\Luis_Gonzalez_Macchi_0005.jpg,1
data/raw/train\male\Lyle_Vanclief_0001.jpg,1
data/raw/train\male\Lyle_Vanclief_0002.jpg,1
data/raw/train\male\Malcolm_Glazer_0001.jpg,1
data/raw/train\male\Malik_Mahmud_0001.jpg,1
data/raw/train\male\Manfred_Stolpe_0001.jpg,1
data/raw/train\male\Manfred_Stolpe_0002.jpg,1
data/raw/train\male\Manuela_Montebrun_0001.jpg,1
data/raw/train\male\Marcelo_Bielsa_0001.jpg,1
data/raw/train\male\Marcelo_Ebrard_0001.jpg,1
data/raw/train\male\Marcelo_Ebrard_0002.jpg,1
data/raw/train\male\Marcelo_Ebrard_0003.jpg,1
data/raw/train\male\Marcos_Daniel_Jimenez_0001.jpg,1
data/raw/train\male\Marco_Irizarry_0001.jpg,1
data/raw/train\male\Marc_Bulger_0001.jpg,1
data/raw/train\male\Mario_Lemieux_0001.jpg,1
data/raw/train\male\Mario_Puzo_0001.jpg,1
data/raw/train\male\Mark_Andrew_0001.jpg,1
data/raw/train\male\Mark_Gangloff_0001.jpg,1
data/raw/train\male\Mark_Hanson_0001.jpg,1
data/raw/train\male\Mark_Martin_0001.jpg,1
data/raw/train\male\Martin_Bandier_0001.jpg,1
data/raw/train\male\Martin_Boryczewski_0001.jpg,1
data/raw/train\male\Martin_Cauchon_0001.jpg,1
data/raw/train\male\Martin_Cauchon_0002.jpg,1
data/raw/train\male\Martin_Landau_0001.jpg,1
data/raw/train\male\Martin_Torrijos_0001.jpg,1
data/raw/train\male\Marwan_Barghouthi_0001.jpg,1
data/raw/train\male\Marwan_Barghouthi_0002.jpg,1
data/raw/train\male\Matthew_Broderick_0001.jpg,1
data/raw/train\male\Matthew_Broderick_0002.jpg,1
data/raw/train\male\Matthew_Broderick_0003.jpg,1
data/raw/train\male\Matthew_Broderick_0004.jpg,1
data/raw/train\male\Matthew_Ouimet_0001.jpg,1
data/raw/train\male\Matt_Damon_0001.jpg,1
data/raw/train\male\Matt_Damon_0002.jpg,1
data/raw/train\male\Matt_Damon_0003.jpg,1
data/raw/train\male\Matt_Damon_0004.jpg,1
data/raw/train\male\Matt_Doherty_0001.jpg,1
data/raw/train\male\Matt_Doherty_0002.jpg,1
data/raw/train\male\Matt_Doherty_0003.jpg,1
data/raw/train\male\Matt_Roney_0001.jpg,1
data/raw/train\male\Matt_Siebrandt_0001.jpg,1
data/raw/train\male\Maurice_Papon_0001.jpg,1
data/raw/train\male\Maurice_Strong_0001.jpg,1
data/raw/train\male\Max_von_Sydow_0001.jpg,1
data/raw/train\male\Mehmet_Ali_Sahin_0001.jpg,1
data/raw/train\male\Michael_Chang_0001.jpg,1
data/raw/train\male\Michael_Chang_0002.jpg,1
data/raw/train\male\Michael_Chang_0003.jpg,1
data/raw/train\male\Michael_Chang_0004.jpg,1
data/raw/train\male\Michael_Chang_0005.jpg,1
data/raw/train\male\Michael_Chang_0006.jpg,1
data/raw/train\male\Michael_Chang_0007.jpg,1
data/raw/train\male\Michael_Chang_0008.jpg,1
data/raw/train\male\Michael_Donovan_0001.jpg,1
data/raw/train\male\Michael_Guiler_0001.jpg,1
data/raw/train\male\Michael_Kahn_0001.jpg,1
data/raw/train\male\Michael_Leavitt_0001.jpg,1
data/raw/train\male\Michael_Leavitt_0002.jpg,1
data/raw/train\male\Michael_McNeely_0001.jpg,1
data/raw/train\male\Michael_Moore_0001.jpg,1
data/raw/train\male\Michael_Moore_0002.jpg,1
data/raw/train\male\Michael_Moore_0003.jpg,1
data/raw/train\male\Michael_Sullivan_0001.jpg,1
data/raw/train\male\Michael_Sullivan_0002.jpg,1
data/raw/train\male\Michael_Taylor_0001.jpg,1
data/raw/train\male\Michel_Temer_0001.jpg,1
data/raw/train\male\Michel_Temer_0002.jpg,1
data/raw/train\male\Mike_Helton_0001.jpg,1
data/raw/train\male\Mike_Helton_0002.jpg,1
data/raw/train\male\Mike_Holmgren_0001.jpg,1
data/raw/train\male\Mike_Holmgren_0002.jpg,1
data/raw/train\male\Mike_Johanns_0001.jpg,1
data/raw/train\male\Mike_Samp_0001.jpg,1
data/raw/train\male\Mike_Smith_0001.jpg,1
data/raw/train\male\Mike_Sweeney_0001.jpg,1
data/raw/train\male\Mikulas_Dzurinda_0001.jpg,1
data/raw/train\male\Mikulas_Dzurinda_0002.jpg,1
data/raw/train\male\Milo_Maestrecampo_0001.jpg,1
data/raw/train\male\Milo_Maestrecampo_0002.jpg,1
data/raw/train\male\Milo_Maestrecampo_0003.jpg,1
data/raw/train\male\Milton_Berle_0001.jpg,1
data/raw/train\male\Mitchell_Crooks_0001.jpg,1
data/raw/train\male\Mitchell_McLaughlin_0001.jpg,1
data/raw/train\male\Mitchell_Swartz_0001.jpg,1
data/raw/train\male\Moby_0001.jpg,1
data/raw/train\male\Mohammad_Aktar_0001.jpg,1
data/raw/train\male\Mohammad_Al-Sharief_0001.jpg,1
data/raw/train\male\Mohammed_Ashraf_Hafiz_0001.jpg,1
data/raw/train\male\Momir_Nikolic_0001.jpg,1
data/raw/train\male\Moshe_Katsav_0001.jpg,1
data/raw/train\male\Moshe_Katsav_0002.jpg,1
data/raw/train\male\Moshe_Katsav_0003.jpg,1
data/raw/train\male\Moshe_Katsav_0004.jpg,1
data/raw/train\male\Mufti_Mohammad_Syed_0001.jpg,1
data/raw/train\male\Narendra_Modi_0001.jpg,1
data/raw/train\male\Nate_Hybl_0001.jpg,1
data/raw/train\male\Nebojsa_Pavkovic_0001.jpg,1
data/raw/train\male\Nebojsa_Pavkovic_0002.jpg,1
data/raw/train\male\Nelson_Shanks_0001.jpg,1
data/raw/train\male\Nestor_Gonzalez_0001.jpg,1
data/raw/train\male\Nick_Nolte_0001.jpg,1
data/raw/train\male\Nick_Nolte_0002.jpg,1
data/raw/train\male\Nick_Nolte_0003.jpg,1
data/raw/train\male\Nick_Nolte_0004.jpg,1
data/raw/train\male\Nick_Nolte_0005.jpg,1
data/raw/train\male\Noer_Moeis_0001.jpg,1
data/raw/train\male\Norodom_Sihanouk_0001.jpg,1
data/raw/train\male\Norodom_Sihanouk_0002.jpg,1
data/raw/train\male\Norodom_Sihanouk_0003.jpg,1
data/raw/train\male\Omar_el-Heib_0001.jpg,1
data/raw/train\male\Orlando_Bloom_0001.jpg,1
data/raw/train\male\Orlando_Bloom_0002.jpg,1
data/raw/train\male\Orlando_Bloom_0003.jpg,1
data/raw/train\male\Oscar_De_La_Hoya_0001.jpg,1
data/raw/train\male\Oscar_De_La_Hoya_0002.jpg,1
data/raw/train\male\Oscar_De_La_Hoya_0003.jpg,1
data/raw/train\male\Oscar_De_La_Hoya_0004.jpg,1
data/raw/train\male\Oscar_De_La_Hoya_0005.jpg,1
data/raw/train\male\Oscar_De_La_Hoya_0006.jpg,1
data/raw/train\male\Oscar_De_La_Hoya_0007.jpg,1
data/raw/train\male\Oscar_Elias_Biscet_0001.jpg,1
data/raw/train\male\Oscar_Elias_Biscet_0002.jpg,1
data/raw/train\male\Oswaldo_Paya_0001.jpg,1
data/raw/train\male\Oswaldo_Paya_0002.jpg,1
data/raw/train\male\Oswaldo_Paya_0003.jpg,1
data/raw/train\male\Oswaldo_Paya_0004.jpg,1
data/raw/train\male\Oswaldo_Paya_0005.jpg,1
data/raw/train\male\Otto_Schily_0001.jpg,1
data/raw/train\male\Ozzy_Osbourne_0001.jpg,1
data/raw/train\male\Ozzy_Osbourne_0002.jpg,1
data/raw/train\male\Ozzy_Osbourne_0003.jpg,1
data/raw/train\male\Parris_Glendening_0001.jpg,1
data/raw/train\male\Parris_Glendening_0002.jpg,1
data/raw/train\male\Pascal_Rheaume_0001.jpg,1
data/raw/train\male\Patrice_Chereau_0001.jpg,1
data/raw/train\male\Patrice_Chereau_0002.jpg,1
data/raw/train\male\Patrick_Stewart_0001.jpg,1
data/raw/train\male\Patrick_Stewart_0002.jpg,1
data/raw/train\male\Pat_Burns_0001.jpg,1
data/raw/train\male\Pat_Burns_0002.jpg,1
data/raw/train\male\Paul_Li_Calsi_0001.jpg,1
data/raw/train\male\Paul_Newman_0001.jpg,1
data/raw/train\male\Peter_Bacanovic_0001.jpg,1
data/raw/train\male\Peter_Bacanovic_0002.jpg,1
data/raw/train\male\Peter_Fisher_0001.jpg,1
data/raw/train\male\Peter_Greenaway_0001.jpg,1
data/raw/train\male\Peter_Greenaway_0002.jpg,1
data/raw/train\male\Peter_Harvey_0001.jpg,1
data/raw/train\male\Peter_Hillary_0001.jpg,1
data/raw/train\male\Peter_Hillary_0002.jpg,1
data/raw/train\male\Peter_Mackay_0001.jpg,1
data/raw/train\male\Peter_Mugyeni_0001.jpg,1
data/raw/train\male\Peter_Shaw_0001.jpg,1
data/raw/train\male\Pete_Beaudrault_0001.jpg,1
data/raw/train\male\Pete_Sampras_0001.jpg,1
data/raw/train\male\Pete_Sampras_0002.jpg,1
data/raw/train\male\Pete_Sampras_0003.jpg,1
data/raw/train\male\Pete_Sampras_0004.jpg,1
data/raw/train\male\Pete_Sampras_0005.jpg,1
data/raw/train\male\Pete_Sampras_0006.jpg,1
data/raw/train\male\Pete_Sampras_0007.jpg,1
data/raw/train\male\Pete_Sampras_0008.jpg,1
data/raw/train\male\Pete_Sampras_0009.jpg,1
data/raw/train\male\Pete_Sampras_0010.jpg,1
data/raw/train\male\Pete_Sampras_0011.jpg,1
data/raw/train\male\Pete_Sampras_0012.jpg,1
data/raw/train\male\Pete_Sampras_0013.jpg,1
data/raw/train\male\Pete_Sampras_0014.jpg,1
data/raw/train\male\Pete_Sampras_0015.jpg,1
data/raw/train\male\Pete_Sampras_0016.jpg,1
data/raw/train\male\Pete_Sampras_0017.jpg,1
data/raw/train\male\Pete_Sampras_0018.jpg,1
data/raw/train\male\Pete_Sampras_0019.jpg,1
data/raw/train\male\Pete_Sampras_0020.jpg,1
data/raw/train\male\Pete_Sampras_0021.jpg,1
data/raw/train\male\Pete_Sampras_0022.jpg,1
data/raw/train\male\Phillipe_Comtois_0001.jpg,1
data/raw/train\male\Phillip_Fulmer_0001.jpg,1
data/raw/train\male\Phil_McGraw_0001.jpg,1
data/raw/train\male\Pio_Laghi_0001.jpg,1
data/raw/train\male\Princess_Anne_0001.jpg,1
data/raw/train\male\Ralf_Schumacher_0001.jpg,1
data/raw/train\male\Ralf_Schumacher_0002.jpg,1
data/raw/train\male\Ralf_Schumacher_0003.jpg,1
data/raw/train\male\Ralf_Schumacher_0004.jpg,1
data/raw/train\male\Ralf_Schumacher_0005.jpg,1
data/raw/train\male\Ralf_Schumacher_0006.jpg,1
data/raw/train\male\Ralf_Schumacher_0007.jpg,1
data/raw/train\male\Ralf_Schumacher_0008.jpg,1
data/raw/train\male\Ralph_Sampson_0001.jpg,1
data/raw/train\male\Raoul_Ruiz_0001.jpg,1
data/raw/train\male\Raoul_Ruiz_0002.jpg,1
data/raw/train\male\Raoul_Ruiz_0003.jpg,1
data/raw/train\male\Raoul_Ruiz_0004.jpg,1
data/raw/train\male\Raymond_Arthurs_0001.jpg,1
data/raw/train\male\Ray_Bradbury_0001.jpg,1
data/raw/train\male\Ray_Liotta_0001.jpg,1
data/raw/train\male\Red_Auerbach_0001.jpg,1
data/raw/train\male\Reginald_Hudlin_0001.jpg,1
data/raw/train\male\Ricardo_Lopez_Murphy_0001.jpg,1
data/raw/train\male\Ricardo_Lopez_Murphy_0002.jpg,1
data/raw/train\male\Richard_Jewell_0001.jpg,1
data/raw/train\male\Richard_Naughton_0001.jpg,1
data/raw/train\male\Richard_Rodriguez_0001.jpg,1
data/raw/train\male\Richard_Tubb_0001.jpg,1
data/raw/train\male\Rick_Bland_0001.jpg,1
data/raw/train\male\Rick_Bragg_0001.jpg,1
data/raw/train\male\Rick_Romley_0001.jpg,1
data/raw/train\male\Rick_Romley_0002.jpg,1
data/raw/train\male\Rick_Romley_0003.jpg,1
data/raw/train\male\Rick_Santorum_0001.jpg,1
data/raw/train\male\Rick_Santorum_0002.jpg,1
data/raw/train\male\Rick_Santorum_0003.jpg,1
data/raw/train\male\Robby_Ginepri_0001.jpg,1
data/raw/train\male\Robby_Ginepri_0002.jpg,1
data/raw/train\male\Roberto_Carlos_0001.jpg,1
data/raw/train\male\Roberto_Carlos_0002.jpg,1
data/raw/train\male\Roberto_Carlos_0003.jpg,1
data/raw/train\male\Roberto_Carlos_0004.jpg,1
data/raw/train\male\Roberto_Laratro_0001.jpg,1
data/raw/train\male\Robert_Beck_0001.jpg,1
data/raw/train\male\Robert_Bullock_0001.jpg,1
data/raw/train\male\Robert_Bullock_0002.jpg,1
data/raw/train\male\Robert_Douglas_0001.jpg,1
data/raw/train\male\Robert_Duvall_0001.jpg,1
data/raw/train\male\Robert_Duvall_0002.jpg,1
data/raw/train\male\Robert_Duvall_0003.jpg,1
data/raw/train\male\Robert_Duvall_0004.jpg,1
data/raw/train\male\Robert_Duvall_0005.jpg,1
data/raw/train\male\Robert_Duvall_0006.jpg,1
data/raw/train\male\Robert_Duvall_0007.jpg,1
data/raw/train\male\Robert_Duvall_0008.jpg,1
data/raw/train\male\Robert_Ehrlich_0001.jpg,1
data/raw/train\male\Robert_Ehrlich_0002.jpg,1
data/raw/train\male\Robert_Pollack_0001.jpg,1
data/raw/train\male\Rob_Moore_0001.jpg,1
data/raw/train\male\Rob_Niedermayer_0001.jpg,1
data/raw/train\male\Rodney_Dangerfield_0001.jpg,1
data/raw/train\male\Rodrigo_de_la_Cerna_0001.jpg,1
data/raw/train\male\Rogerio_Romero_0001.jpg,1
data/raw/train\male\Rogerio_Romero_0002.jpg,1
data/raw/train\male\Roger_Clemens_0001.jpg,1
data/raw/train\male\Roger_Clemens_0002.jpg,1
data/raw/train\male\Roger_Cook_0001.jpg,1
data/raw/train\male\Roger_Mahony_0001.jpg,1
data/raw/train\male\Roger_Staubach_0001.jpg,1
data/raw/train\male\Rohinton_Mistry_0001.jpg,1
data/raw/train\male\Roman_Tam_0001.jpg,1
data/raw/train\male\Ronde_Barber_0001.jpg,1
data/raw/train\male\Ruben_Studdard_0001.jpg,1
data/raw/train\male\Ruben_Studdard_0002.jpg,1
data/raw/train\male\Russell_Crowe_0001.jpg,1
data/raw/train\male\Russell_Crowe_0002.jpg,1
data/raw/train\male\Ryan_Goodman_0001.jpg,1
data/raw/train\male\Ryan_Nyquist_0001.jpg,1
data/raw/train\male\Samuel_Waksal_0001.jpg,1
data/raw/train\male\Samuel_Waksal_0002.jpg,1
data/raw/train\male\Samuel_Waksal_0003.jpg,1
data/raw/train\male\Samuel_Waksal_0004.jpg,1
data/raw/train\male\Sarah_Price_0001.jpg,1
data/raw/train\male\Scott_McNealy_0001.jpg,1
data/raw/train\male\Scott_McNealy_0002.jpg,1
data/raw/train\male\Scott_Wallach_0001.jpg,1
data/raw/train\male\Scott_Weiland_0001.jpg,1
data/raw/train\male\Sean_Astin_0001.jpg,1
data/raw/train\male\Sean_Astin_0002.jpg,1
data/raw/train\male\Sean_Astin_0003.jpg,1
data/raw/train\male\Sean_Patrick_OMalley_0001.jpg,1
data/raw/train\male\Sean_Patrick_OMalley_0002.jpg,1
data/raw/train\male\Sean_Patrick_OMalley_0003.jpg,1
data/raw/train\male\Sean_Townsend_0001.jpg,1
data/raw/train\male\Sergei_Alexandrovitch_Ordzhonikidze_0001.jpg,1
data/raw/train\male\Serge_Klarsfeld_0001.jpg,1
data/raw/train\male\Sergio_Vieira_De_Mello_0001.jpg,1
data/raw/train\male\Sergio_Vieira_De_Mello_0002.jpg,1
data/raw/train\male\Sergio_Vieira_De_Mello_0003.jpg,1
data/raw/train\male\Sergio_Vieira_De_Mello_0004.jpg,1
data/raw/train\male\Sergio_Vieira_De_Mello_0005.jpg,1
data/raw/train\male\Sergio_Vieira_De_Mello_0006.jpg,1
data/raw/train\male\Sergio_Vieira_De_Mello_0007.jpg,1
data/raw/train\male\Sergio_Vieira_De_Mello_0008.jpg,1
data/raw/train\male\Sergio_Vieira_De_Mello_0009.jpg,1
data/raw/train\male\Sergio_Vieira_De_Mello_0010.jpg,1
data/raw/train\male\Sergio_Vieira_De_Mello_0011.jpg,1
data/raw/train\male\Seymour_Cassell_0001.jpg,1
data/raw/train\male\Shane_Mosley_0001.jpg,1
data/raw/train\male\Shane_Mosley_0002.jpg,1
data/raw/train\male\Shawn_Bradley_0001.jpg,1
data/raw/train\male\Slobodan_Milosevic_0001.jpg,1
data/raw/train\male\Slobodan_Milosevic_0002.jpg,1
data/raw/train\male\Slobodan_Milosevic_0003.jpg,1
data/raw/train\male\Slobodan_Milosevic_0004.jpg,1
data/raw/train\male\Stanley_McChrystal_0001.jpg,1
data/raw/train\male\Stanley_McChrystal_0002.jpg,1
data/raw/train\male\Stanley_McChrystal_0003.jpg,1
data/raw/train\male\Stellan_Skarsgard_0001.jpg,1
data/raw/train\male\Stellan_Skarsgard_0002.jpg,1
data/raw/train\male\Stephen_Glassroth_0001.jpg,1
data/raw/train\male\Stephen_Thompson_0001.jpg,1
data/raw/train\male\Steve_Austin_0001.jpg,1
data/raw/train\male\Steve_Avery_0001.jpg,1
data/raw/train\male\Steve_Blake_0001.jpg,1
data/raw/train\male\Steve_Case_0001.jpg,1
data/raw/train\male\Steve_Mariucci_0001.jpg,1
data/raw/train\male\Steve_Mariucci_0002.jpg,1
data/raw/train\male\Steve_Mariucci_0003.jpg,1
data/raw/train\male\Steve_Shiver_0001.jpg,1
data/raw/train\male\Stipe_Mesic_0001.jpg,1
data/raw/train\male\Strom_Thurmond_0001.jpg,1
data/raw/train\male\Strom_Thurmond_0002.jpg,1
data/raw/train\male\Strom_Thurmond_0003.jpg,1
data/raw/train\male\Stuart_Whitman_0001.jpg,1
data/raw/train\male\Svend_Aage_Jensby_0001.jpg,1
data/raw/train\male\S_Jayakumar_0001.jpg,1
data/raw/train\male\S_Jayakumar_0002.jpg,1
data/raw/train\male\Takenori_Kanzaki_0001.jpg,1
data/raw/train\male\Ted_Christopher_0001.jpg,1
data/raw/train\male\Ted_Williams_0001.jpg,1
data/raw/train\male\Thomas_Fargo_0001.jpg,1
data/raw/train\male\Thomas_Fargo_0002.jpg,1
data/raw/train\male\Thomas_Fargo_0003.jpg,1
data/raw/train\male\Thomas_Fargo_0004.jpg,1
data/raw/train\male\Thomas_OBrien_0001.jpg,1
data/raw/train\male\Thomas_OBrien_0002.jpg,1
data/raw/train\male\Thomas_OBrien_0003.jpg,1
data/raw/train\male\Thomas_OBrien_0004.jpg,1
data/raw/train\male\Thomas_OBrien_0005.jpg,1
data/raw/train\male\Thomas_OBrien_0006.jpg,1
data/raw/train\male\Thomas_OBrien_0007.jpg,1
data/raw/train\male\Thomas_OBrien_0008.jpg,1
data/raw/train\male\Thomas_OBrien_0009.jpg,1
data/raw/train\male\Tiger_Woods_0001.jpg,1
data/raw/train\male\Tiger_Woods_0002.jpg,1
data/raw/train\male\Tiger_Woods_0003.jpg,1
data/raw/train\male\Tiger_Woods_0004.jpg,1
data/raw/train\male\Tiger_Woods_0005.jpg,1
data/raw/train\male\Tiger_Woods_0006.jpg,1
data/raw/train\male\Tiger_Woods_0007.jpg,1
data/raw/train\male\Tiger_Woods_0008.jpg,1
data/raw/train\male\Tiger_Woods_0009.jpg,1
data/raw/train\male\Tiger_Woods_0010.jpg,1
data/raw/train\male\Tiger_Woods_0011.jpg,1
data/raw/train\male\Tiger_Woods_0012.jpg,1
data/raw/train\male\Tiger_Woods_0013.jpg,1
data/raw/train\male\Tiger_Woods_0014.jpg,1
data/raw/train\male\Tiger_Woods_0015.jpg,1
data/raw/train\male\Tiger_Woods_0016.jpg,1
data/raw/train\male\Tiger_Woods_0017.jpg,1
data/raw/train\male\Tiger_Woods_0018.jpg,1
data/raw/train\male\Tiger_Woods_0019.jpg,1
data/raw/train\male\Tiger_Woods_0020.jpg,1
data/raw/train\male\Tiger_Woods_0021.jpg,1
data/raw/train\male\Tiger_Woods_0022.jpg,1
data/raw/train\male\Tiger_Woods_0023.jpg,1
data/raw/train\male\Timbul_Silaen_0001.jpg,1
data/raw/train\male\Tim_Curry_0001.jpg,1
data/raw/train\male\Tim_Curry_0002.jpg,1
data/raw/train\male\Tim_Duncan_0001.jpg,1
data/raw/train\male\Tim_Duncan_0002.jpg,1
data/raw/train\male\Tim_Duncan_0003.jpg,1
data/raw/train\male\Tim_Duncan_0004.jpg,1
data/raw/train\male\Tim_Howard_0001.jpg,1
data/raw/train\male\Tim_Matheson_0001.jpg,1
data/raw/train\male\Tim_Norbeck_0001.jpg,1
data/raw/train\male\Todd_Petit_0001.jpg,1
data/raw/train\male\Tommy_Shane_Steiner_0001.jpg,1
data/raw/train\male\Tommy_Tubberville_0001.jpg,1
data/raw/train\male\Tom_Coughlin_0001.jpg,1
data/raw/train\male\Tom_Cruise_0001.jpg,1
data/raw/train\male\Tom_Cruise_0002.jpg,1
data/raw/train\male\Tom_Cruise_0003.jpg,1
data/raw/train\male\Tom_Cruise_0004.jpg,1
data/raw/train\male\Tom_Cruise_0005.jpg,1
data/raw/train\male\Tom_Cruise_0006.jpg,1
data/raw/train\male\Tom_Cruise_0007.jpg,1
data/raw/train\male\Tom_Cruise_0008.jpg,1
data/raw/train\male\Tom_Cruise_0009.jpg,1
data/raw/train\male\Tom_Cruise_0010.jpg,1
data/raw/train\male\Tom_Glavine_0001.jpg,1
data/raw/train\male\Tom_Glavine_0002.jpg,1
data/raw/train\male\Tom_Hanks_0001.jpg,1
data/raw/train\male\Tom_Hanks_0002.jpg,1
data/raw/train\male\Tom_Hanks_0003.jpg,1
data/raw/train\male\Tom_Hanks_0004.jpg,1
data/raw/train\male\Tom_Hanks_0005.jpg,1
data/raw/train\male\Tom_Hanks_0006.jpg,1
data/raw/train\male\Tom_Hanks_0007.jpg,1
data/raw/train\male\Tom_Hanks_0008.jpg,1
data/raw/train\male\Tom_Hanks_0009.jpg,1
data/raw/train\male\Tom_Hanks_0010.jpg,1
data/raw/train\male\Tom_Lantos_0001.jpg,1
data/raw/train\male\Tom_Miller_0001.jpg,1
data/raw/train\male\Tom_Ridge_0001.jpg,1
data/raw/train\male\Tom_Ridge_0002.jpg,1
data/raw/train\male\Tom_Ridge_0003.jpg,1
data/raw/train\male\Tom_Ridge_0004.jpg,1
data/raw/train\male\Tom_Ridge_0005.jpg,1
data/raw/train\male\Tom_Ridge_0006.jpg,1
data/raw/train\male\Tom_Ridge_0007.jpg,1
data/raw/train\male\Tom_Ridge_0008.jpg,1
data/raw/train\male\Tom_Ridge_0009.jpg,1
data/raw/train\male\Tom_Ridge_0010.jpg,1
data/raw/train\male\Tom_Ridge_0011.jpg,1
data/raw/train\male\Tom_Ridge_0012.jpg,1
data/raw/train\male\Tom_Ridge_0013.jpg,1
data/raw/train\male\Tom_Ridge_0014.jpg,1
data/raw/train\male\Tom_Ridge_0015.jpg,1
data/raw/train\male\Tom_Ridge_0016.jpg,1
data/raw/train\male\Tom_Ridge_0017.jpg,1
data/raw/train\male\Tom_Ridge_0018.jpg,1
data/raw/train\male\Tom_Ridge_0019.jpg,1
data/raw/train\male\Tom_Ridge_0020.jpg,1
data/raw/train\male\Tom_Ridge_0021.jpg,1
data/raw/train\male\Tom_Ridge_0022.jpg,1
data/raw/train\male\Tom_Ridge_0023.jpg,1
data/raw/train\male\Tom_Ridge_0024.jpg,1
data/raw/train\male\Tom_Ridge_0025.jpg,1
data/raw/train\male\Tom_Ridge_0026.jpg,1
data/raw/train\male\Tom_Ridge_0027.jpg,1
data/raw/train\male\Tom_Ridge_0028.jpg,1
data/raw/train\male\Tom_Ridge_0029.jpg,1
data/raw/train\male\Tom_Ridge_0030.jpg,1
data/raw/train\male\Tom_Ridge_0031.jpg,1
data/raw/train\male\Tom_Ridge_0032.jpg,1
data/raw/train\male\Tom_Ridge_0033.jpg,1
data/raw/train\male\Tom_Rouen_0001.jpg,1
data/raw/train\male\Tom_Welch_0001.jpg,1
data/raw/train\male\Tono_Suratman_0001.jpg,1
data/raw/train\male\Tony_Curtis_0001.jpg,1
data/raw/train\male\Tony_Curtis_0002.jpg,1
data/raw/train\male\Tony_Stewart_0001.jpg,1
data/raw/train\male\Tony_Stewart_0002.jpg,1
data/raw/train\male\Tony_Stewart_0003.jpg,1
data/raw/train\male\Tony_Stewart_0004.jpg,1
data/raw/train\male\Tony_Stewart_0005.jpg,1
data/raw/train\male\Tony_Stewart_0006.jpg,1
data/raw/train\male\Trevor_McDonald_0001.jpg,1
data/raw/train\male\Troy_Jenkins_0001.jpg,1
data/raw/train\male\Tuncay_Sanli_0001.jpg,1
data/raw/train\male\Turner_Gill_0001.jpg,1
data/raw/train\male\Tyler_Grillo_0001.jpg,1
data/raw/train\male\Ty_Votaw_0001.jpg,1
data/raw/train\male\Uzi_Even_0001.jpg,1
data/raw/train\male\Valentino_Rossi_0001.jpg,1
data/raw/train\male\Valentino_Rossi_0002.jpg,1
data/raw/train\male\Valentino_Rossi_0003.jpg,1
data/raw/train\male\Valentino_Rossi_0004.jpg,1
data/raw/train\male\Valentino_Rossi_0005.jpg,1
data/raw/train\male\Valentino_Rossi_0006.jpg,1
data/raw/train\male\Valery_Giscard_dEstaing_0001.jpg,1
data/raw/train\male\Valery_Giscard_dEstaing_0002.jpg,1
data/raw/train\male\Valery_Giscard_dEstaing_0003.jpg,1
data/raw/train\male\Valery_Giscard_dEstaing_0004.jpg,1
data/raw/train\male\Valery_Giscard_dEstaing_0005.jpg,1
data/raw/train\male\Valery_Giscard_dEstaing_0006.jpg,1
data/raw/train\male\Vicente_Fox_de_la_Concha_0001.jpg,1
data/raw/train\male\Vincent_Sombrotto_0001.jpg,1
data/raw/train\male\Vincent_Spadea_0001.jpg,1
data/raw/train\male\Vinnie_Jones_0001.jpg,1
data/raw/train\male\Wan_Yanhai_0001.jpg,1
data/raw/train\male\Wayne_Ferreira_0001.jpg,1
data/raw/train\male\Wayne_Ferreira_0002.jpg,1
data/raw/train\male\Wayne_Ferreira_0003.jpg,1
data/raw/train\male\Wayne_Ferreira_0004.jpg,1
data/raw/train\male\Wayne_Ferreira_0005.jpg,1
data/raw/train\male\William_Burns_0001.jpg,1
data/raw/train\male\William_Burns_0002.jpg,1
data/raw/train\male\William_Morrow_0001.jpg,1
data/raw/train\male\William_Webster_0001.jpg,1
data/raw/train\male\Win_Aung_0001.jpg,1
data/raw/train\male\Win_Aung_0002.jpg,1
data/raw/train\male\Win_Aung_0003.jpg,1
data/raw/train\male\Win_Aung_0004.jpg,1
data/raw/train\male\Wolfgang_Schwarz_0001.jpg,1
data/raw/train\male\Yang_Jianli_0001.jpg,1
data/raw/train\male\Yasushi_Akashi_0001.jpg,1
data/raw/train\male\Yogi_Berra_0001.jpg,1
data/raw/train\male\Yuri_Luzhkov_0001.jpg,1
data/raw/train\female\007_frontal.jpg,0
data/raw/train\female\014_frontal.jpg,0
data/raw/train\female\028_frontal.jpg,0
data/raw/train\female\029_frontal.jpg,0
data/raw/train\female\031_frontal.jpg,0
data/raw/train\female\039_frontal.jpg,0
data/raw/train\female\045_frontal.jpg,0
data/raw/train\female\053_frontal.jpg,0
data/raw/train\female\055_frontal.jpg,0
data/raw/train\female\062_frontal.jpg,0
data/raw/train\female\066_frontal.jpg,0
data/raw/train\female\086_frontal.jpg,0
data/raw/train\female\100_frontal.jpg,0
data/raw/train\female\107_frontal.jpg,0
data/raw/train\female\Adriana_Perez_Navarro_0001.jpg,0
data/raw/train\female\Afton_Smith_0001.jpg,0
data/raw/train\female\Aishwarya_Rai_0001.jpg,0
data/raw/train\female\Aiysha_Smith_0001.jpg,0
data/raw/train\female\Alexandra_Jackson_0001.jpg,0
data/raw/train\female\Alexandra_Pelosi_0001.jpg,0
data/raw/train\female\Alexandra_Spann_0001.jpg,0
data/raw/train\female\Alexis_Bledel_0001.jpg,0
data/raw/train\female\Aline_Chretien_0001.jpg,0
data/raw/train\female\Amanda_Beard_0001.jpg,0
data/raw/train\female\Amanda_Beard_0002.jpg,0
data/raw/train\female\Amy_Pascal_0001.jpg,0
data/raw/train\female\Ana_Claudia_Talancon_0001.jpg,0
data/raw/train\female\Ana_Palacio_0001.jpg,0
data/raw/train\female\Ana_Palacio_0002.jpg,0
data/raw/train\female\Ana_Palacio_0003.jpg,0
data/raw/train\female\Ana_Palacio_0004.jpg,0
data/raw/train\female\Ana_Palacio_0005.jpg,0
data/raw/train\female\Ana_Palacio_0006.jpg,0
data/raw/train\female\Ana_Palacio_0007.jpg,0
data/raw/train\female\Ana_Palacio_0008.jpg,0
data/raw/train\female\Andrea_Kiser_0001.jpg,0
data/raw/train\female\Andrea_Yates_0001.jpg,0
data/raw/train\female\Anette_Hosoi_0001.jpg,0
data/raw/train\female\Angie_Martinez_0001.jpg,0
data/raw/train\female\Anna_Chicherova_0001.jpg,0
data/raw/train\female\Annette_Bening_0001.jpg,0
data/raw/train\female\Annette_Bening_0002.jpg,0
data/raw/train\female\Annette_Lu_0001.jpg,0
data/raw/train\female\Annette_Lu_0002.jpg,0
data/raw/train\female\Annette_Lu_0003.jpg,0
data/raw/train\female\Anne_Cavers_0001.jpg,0
data/raw/train\female\Anne_ONeil_0001.jpg,0
data/raw/train\female\Annie_Machon_0001.jpg,0
data/raw/train\female\Atiabet_Ijan_Amabel_0001.jpg,0
data/raw/train\female\Barbara_Becker_0001.jpg,0
data/raw/train\female\Barbara_Brezigar_0001.jpg,0
data/raw/train\female\Barbara_Brezigar_0002.jpg,0
data/raw/train\female\Begum_Khaleda_Zia_0001.jpg,0
data/raw/train\female\Begum_Khaleda_Zia_0002.jpg,0
data/raw/train\female\Beyonce_Knowles_0001.jpg,0
data/raw/train\female\Brigitte_Boisselier_0001.jpg,0
data/raw/train\female\Brigitte_Boisselier_0002.jpg,0
data/raw/train\female\Brittany_Snow_0001.jpg,0
data/raw/train\female\Cameron_Diaz_0001.jpg,0
data/raw/train\female\Cameron_Diaz_0002.jpg,0
data/raw/train\female\Cameron_Diaz_0003.jpg,0
data/raw/train\female\Cameron_Diaz_0004.jpg,0
data/raw/train\female\Cameron_Diaz_0005.jpg,0
data/raw/train\female\Cameron_Diaz_0006.jpg,0
data/raw/train\female\Carla_Gay_Balingit_0001.jpg,0
data/raw/train\female\Carol_Burnett_0001.jpg,0
data/raw/train\female\Carol_Burnett_0002.jpg,0
data/raw/train\female\Cassandra_Heise_0001.jpg,0
data/raw/train\female\Catherine_Deneuve_0001.jpg,0
data/raw/train\female\Catherine_Deneuve_0002.jpg,0
data/raw/train\female\Catherine_Deneuve_0003.jpg,0
data/raw/train\female\Catherine_Deneuve_0004.jpg,0
data/raw/train\female\Catherine_Deneuve_0005.jpg,0
data/raw/train\female\Catherine_Ndereba_0001.jpg,0
data/raw/train\female\Cathryn_Crawford_0001.jpg,0
data/raw/train\female\Chandrika_Kumaratunga_0001.jpg,0
data/raw/train\female\Chante_Jawan_Mallard_0001.jpg,0
data/raw/train\female\Charlene_Barshefsky_0001.jpg,0
data/raw/train\female\Christina_Sawaya_0001.jpg,0
data/raw/train\female\Christine_Arron_0001.jpg,0
data/raw/train\female\Claudia_Cardinale_0001.jpg,0
data/raw/train\female\Colleen_Jones_0001.jpg,0
data/raw/train\female\Columba_Bush_0001.jpg,0
data/raw/train\female\Conchita_Martinez_0001.jpg,0
data/raw/train\female\Conchita_Martinez_0002.jpg,0
data/raw/train\female\Conchita_Martinez_0003.jpg,0
data/raw/train\female\Connie_Chung_0001.jpg,0
data/raw/train\female\Corinna_Harfouch_0001.jpg,0
data/raw/train\female\Cristina_Torrens_Valero_0001.jpg,0
data/raw/train\female\Cynthia_Rowley_0001.jpg,0
data/raw/train\female\Daniele_Hypolito_0001.jpg,0
data/raw/train\female\Debra_Brown_0001.jpg,0
data/raw/train\female\Debra_Brown_0002.jpg,0
data/raw/train\female\Debra_Rose_0001.jpg,0
data/raw/train\female\Deena_Burnett_0001.jpg,0
data/raw/train\female\Denise_Johnson_0001.jpg,0
data/raw/train\female\Denise_Johnson_0002.jpg,0
data/raw/train\female\Diana_Renee_Valdivieso_Dubon_0001.jpg,0
data/raw/train\female\Diana_Ross_0001.jpg,0
data/raw/train\female\Diane_Ladd_0001.jpg,0
data/raw/train\female\Diane_Lane_0001.jpg,0
data/raw/train\female\Dolly_Parton_0001.jpg,0
data/raw/train\female\Dolly_Parton_0002.jpg,0
data/raw/train\female\Donna_Morrissey_0001.jpg,0
data/raw/train\female\Donna_Walker_0001.jpg,0
data/raw/train\female\Dorthy_Moxley_0001.jpg,0
data/raw/train\female\Dorthy_Moxley_0002.jpg,0
data/raw/train\female\Drew_Barrymore_0001.jpg,0
data/raw/train\female\Drew_Barrymore_0002.jpg,0
data/raw/train\female\Elinor_Caplan_0001.jpg,0
data/raw/train\female\Elinor_Caplan_0002.jpg,0
data/raw/train\female\Elin_Nordegren_0001.jpg,0
data/raw/train\female\Elin_Nordegren_0002.jpg,0
data/raw/train\female\Elizabeth_Hurley_0001.jpg,0
data/raw/train\female\Elizabeth_Hurley_0002.jpg,0
data/raw/train\female\Elizabeth_Hurley_0003.jpg,0
data/raw/train\female\Elizabeth_Hurley_0004.jpg,0
data/raw/train\female\Elizabeth_Hurley_0005.jpg,0
data/raw/train\female\Elizabeth_Shue_0001.jpg,0
data/raw/train\female\Elizabeth_Shue_0002.jpg,0
data/raw/train\female\Ellen_Pompeo_0001.jpg,0
data/raw/train\female\Emily_Mason_0001.jpg,0
data/raw/train\female\Emma_Nicholson_0001.jpg,0
data/raw/train\female\Eva_Mendes_0001.jpg,0
data/raw/train\female\Faye_Wong_0001.jpg,0
data/raw/train\female\Florencia_Macri_0001.jpg,0
data/raw/train\female\Flor_Montulo_0001.jpg,0
data/raw/train\female\Flor_Montulo_0002.jpg,0
data/raw/train\female\Frederique_van_der_Wal_0001.jpg,0
data/raw/train\female\Gennifer_Flowers_0001.jpg,0
data/raw/train\female\Georgina_Papin_0001.jpg,0
data/raw/train\female\Giulietta_Masina_0001.jpg,0
data/raw/train\female\Gong_Li_0001.jpg,0
data/raw/train\female\Gong_Ruina_0001.jpg,0
data/raw/train\female\Hanan_Ashrawi_0001.jpg,0
data/raw/train\female\Hanan_Ashrawi_0002.jpg,0
data/raw/train\female\Hana_Sadiq_0001.jpg,0
data/raw/train\female\Heidi_Fleiss_0001.jpg,0
data/raw/train\female\Heidi_Fleiss_0002.jpg,0
data/raw/train\female\Heidi_Fleiss_0003.jpg,0
data/raw/train\female\Heidi_Fleiss_0004.jpg,0
data/raw/train\female\Iran_Brown_0001.jpg,0
data/raw/train\female\Isabelle_Huppert_0001.jpg,0
data/raw/train\female\Isabelle_Huppert_0002.jpg,0
data/raw/train\female\Jacqueline_Gold_0001.jpg,0
data/raw/train\female\Jacqueline_Obradors_0001.jpg,0
data/raw/train\female\Jacqueline_Obradors_0002.jpg,0
data/raw/train\female\Janette_Husarova_0001.jpg,0
data/raw/train\female\Janet_Napolitano_0001.jpg,0
data/raw/train\female\Janet_Napolitano_0002.jpg,0
data/raw/train\female\Janet_Napolitano_0003.jpg,0
data/raw/train\female\Janet_Napolitano_0004.jpg,0
data/raw/train\female\Jane_Krakowski_0001.jpg,0
data/raw/train\female\Jane_Leeves_0001.jpg,0
data/raw/train\female\Janine_Pietsch_0001.jpg,0
data/raw/train\female\Jeannette_Biedermann_0001.jpg,0
data/raw/train\female\Jeanne_Moreau_0001.jpg,0
data/raw/train\female\Jeanne_Moreau_0002.jpg,0
data/raw/train\female\Jennifer_Connelly_0001.jpg,0
data/raw/train\female\Jennifer_Connelly_0002.jpg,0
data/raw/train\female\Jennifer_Connelly_0003.jpg,0
data/raw/train\female\Jennifer_Connelly_0004.jpg,0
data/raw/train\female\Jennifer_Furminger_0001.jpg,0
data/raw/train\female\Jennifer_Renee_Short_0001.jpg,0
data/raw/train\female\Jen_Schefft_0001.jpg,0
data/raw/train\female\Joan_Dangerfield_0001.jpg,0
data/raw/train\female\Jodie_Henry_0001.jpg,0
data/raw/train\female\Jolanta_Kwasniewski_0001.jpg,0
data/raw/train\female\Jolanta_Kwasniewski_0002.jpg,0
data/raw/train\female\Jules_Asner_0001.jpg,0
data/raw/train\female\Justine_Pasek_0001.jpg,0
data/raw/train\female\Justine_Pasek_0002.jpg,0
data/raw/train\female\Justine_Pasek_0003.jpg,0
data/raw/train\female\Justine_Pasek_0004.jpg,0
data/raw/train\female\Justine_Pasek_0005.jpg,0
data/raw/train\female\Justine_Pasek_0006.jpg,0
data/raw/train\female\Justine_Pasek_0007.jpg,0
data/raw/train\female\Karen_Allen_0001.jpg,0
data/raw/train\female\Karen_Sharpe_Kramer_0001.jpg,0
data/raw/train\female\Karin_Pilsaeter_0001.jpg,0
data/raw/train\female\Karin_Stoiber_0001.jpg,0
data/raw/train\female\Karin_Stoiber_0002.jpg,0
data/raw/train\female\Katalin_Kollat_0001.jpg,0
data/raw/train\female\Kate_Hudson_0001.jpg,0
data/raw/train\female\Kate_Hudson_0002.jpg,0
data/raw/train\female\Kate_Hudson_0003.jpg,0
data/raw/train\female\Kate_Hudson_0004.jpg,0
data/raw/train\female\Kate_Hudson_0005.jpg,0
data/raw/train\female\Kate_Hudson_0006.jpg,0
data/raw/train\female\Kate_Hudson_0007.jpg,0
data/raw/train\female\Kate_Hudson_0008.jpg,0
data/raw/train\female\Kate_Hudson_0009.jpg,0
data/raw/train\female\Kate_Starbird_0001.jpg,0
data/raw/train\female\Kathryn_Morris_0001.jpg,0
data/raw/train\female\Katie_Couric_0001.jpg,0
data/raw/train\female\Katrin_Susi_0001.jpg,0
data/raw/train\female\Kellie_Coffey_0001.jpg,0
data/raw/train\female\Kelli_White_0001.jpg,0
data/raw/train\female\Kelli_White_0002.jpg,0
data/raw/train\female\Kim_Gandy_0001.jpg,0
data/raw/train\female\Kristanna_Loken_0001.jpg,0
data/raw/train\female\Kristanna_Loken_0002.jpg,0
data/raw/train\female\Kristanna_Loken_0003.jpg,0
data/raw/train\female\Kristanna_Loken_0004.jpg,0
data/raw/train\female\Kristanna_Loken_0005.jpg,0
data/raw/train\female\Kristin_Davis_0001.jpg,0
data/raw/train\female\Kristin_Davis_0002.jpg,0
data/raw/train\female\Kristin_Davis_0003.jpg,0
data/raw/train\female\Kristin_Scott_0001.jpg,0
data/raw/train\female\Laura_Elena_Harring_0001.jpg,0
data/raw/train\female\Laura_Marlow_0001.jpg,0
data/raw/train\female\Lela_Rochon_0001.jpg,0
data/raw/train\female\Linda_Amicangioli_0001.jpg,0
data/raw/train\female\Lindsay_Benko_0001.jpg,0
data/raw/train\female\Lindsay_Benko_0002.jpg,0
data/raw/train\female\Lisa_Stone_0001.jpg,0
data/raw/train\female\Lucy_Liu_0001.jpg,0
data/raw/train\female\Lucy_Liu_0002.jpg,0
data/raw/train\female\Lucy_Liu_0003.jpg,0
data/raw/train\female\Lucy_Liu_0004.jpg,0
data/raw/train\female\Lucy_Liu_0005.jpg,0
data/raw/train\female\Lynne_Thigpen_0001.jpg,0
data/raw/train\female\Magda_Kertasz_0001.jpg,0
data/raw/train\female\Maha_Habib_0001.jpg,0
data/raw/train\female\Margie_Puente_0001.jpg,0
data/raw/train\female\Mariah_Carey_0001.jpg,0
data/raw/train\female\Mariah_Carey_0002.jpg,0
data/raw/train\female\Mariah_Carey_0003.jpg,0
data/raw/train\female\Mariah_Carey_0004.jpg,0
data/raw/train\female\Mariah_Carey_0005.jpg,0
data/raw/train\female\Mariah_Carey_0006.jpg,0
data/raw/train\female\Mariah_Carey_0007.jpg,0
data/raw/train\female\Mariangel_Ruiz_Torrealba_0001.jpg,0
data/raw/train\female\Mariangel_Ruiz_Torrealba_0002.jpg,0
data/raw/train\female\Mariangel_Ruiz_Torrealba_0003.jpg,0
data/raw/train\female\Marian_Dolan_0001.jpg,0
data/raw/train\female\Maria_Shriver_0001.jpg,0
data/raw/train\female\Maria_Shriver_0002.jpg,0
data/raw/train\female\Maria_Shriver_0003.jpg,0
data/raw/train\female\Maria_Shriver_0004.jpg,0
data/raw/train\female\Maria_Shriver_0005.jpg,0
data/raw/train\female\Maria_Shriver_0006.jpg,0
data/raw/train\female\Maria_Shriver_0007.jpg,0
data/raw/train\female\Maria_Shriver_0008.jpg,0
data/raw/train\female\Marilyn_Monroe_0001.jpg,0
data/raw/train\female\Marilyn_Monroe_0002.jpg,0
data/raw/train\female\Marina_Anissina_0001.jpg,0
data/raw/train\female\Marina_Anissina_0002.jpg,0
data/raw/train\female\Mario_Alfaro-Lopez_0001.jpg,0
data/raw/train\female\Maritza_Macias_Furano_0001.jpg,0
data/raw/train\female\Martha_Bowen_0001.jpg,0
data/raw/train\female\Martha_Bowen_0002.jpg,0
data/raw/train\female\Martha_Burk_0001.jpg,0
data/raw/train\female\Martha_Burk_0002.jpg,0
data/raw/train\female\Martha_Burk_0003.jpg,0
data/raw/train\female\Martha_Burk_0004.jpg,0
data/raw/train\female\Martha_Martinez_Flores_0001.jpg,0
data/raw/train\female\Maryn_McKenna_0001.jpg,0
data/raw/train\female\Mary_Descenza_0001.jpg,0
data/raw/train\female\Mary_Matalin_0001.jpg,0
data/raw/train\female\Mary_Sue_Coleman_0001.jpg,0
data/raw/train\female\Masja_Juel_0001.jpg,0
data/raw/train\female\Maureen_Fanning_0001.jpg,0
data/raw/train\female\Maureen_Fanning_0002.jpg,0
data/raw/train\female\Melinda_Czink_0001.jpg,0
data/raw/train\female\Michelle_Hofland_0001.jpg,0
data/raw/train\female\Miranda_Gaddis_0001.jpg,0
data/raw/train\female\Mirela_Manjani_0001.jpg,0
data/raw/train\female\Mona_Ayoub_0001.jpg,0
data/raw/train\female\Monica_Seles_0001.jpg,0
data/raw/train\female\Monica_Seles_0002.jpg,0
data/raw/train\female\Monica_Seles_0003.jpg,0
data/raw/train\female\Monica_Seles_0004.jpg,0
data/raw/train\female\Monica_Seles_0005.jpg,0
data/raw/train\female\Monica_Seles_0006.jpg,0
data/raw/train\female\Myung_Yang_0001.jpg,0
data/raw/train\female\Nadia_Forte_0001.jpg,0
data/raw/train\female\Nadine_Vinzens_0001.jpg,0
data/raw/train\female\Nadine_Vinzens_0002.jpg,0
data/raw/train\female\Nancy_Greenlaw_0001.jpg,0
data/raw/train\female\Nancy_Sinatra_0001.jpg,0
data/raw/train\female\Nancy_Sinatra_0002.jpg,0
data/raw/train\female\Naomi_Watts_0001.jpg,0
data/raw/train\female\Naomi_Watts_0002.jpg,0
data/raw/train\female\Naomi_Watts_0003.jpg,0
data/raw/train\female\Naomi_Watts_0004.jpg,0
data/raw/train\female\Naomi_Watts_0005.jpg,0
data/raw/train\female\Naomi_Watts_0006.jpg,0
data/raw/train\female\Naomi_Watts_0007.jpg,0
data/raw/train\female\Naomi_Watts_0008.jpg,0
data/raw/train\female\Naomi_Watts_0009.jpg,0
data/raw/train\female\Naomi_Watts_0010.jpg,0
data/raw/train\female\Naomi_Watts_0011.jpg,0
data/raw/train\female\Naomi_Watts_0012.jpg,0
data/raw/train\female\Naomi_Watts_0013.jpg,0
data/raw/train\female\Naomi_Watts_0014.jpg,0
data/raw/train\female\Naomi_Watts_0015.jpg,0
data/raw/train\female\Naomi_Watts_0016.jpg,0
data/raw/train\female\Naomi_Watts_0017.jpg,0
data/raw/train\female\Naomi_Watts_0018.jpg,0
data/raw/train\female\Naomi_Watts_0019.jpg,0
data/raw/train\female\Naomi_Watts_0020.jpg,0
data/raw/train\female\Naomi_Watts_0021.jpg,0
data/raw/train\female\Naomi_Watts_0022.jpg,0
data/raw/train\female\Natalia_Verbeke_0001.jpg,0
data/raw/train\female\Natalia_Vodonova_0001.jpg,0
data/raw/train\female\Natalie_Juniardi_0001.jpg,0
data/raw/train\female\Nathalie_Baye_0001.jpg,0
data/raw/train\female\Nathalie_Baye_0002.jpg,0
data/raw/train\female\Nathalie_Baye_0003.jpg,0
data/raw/train\female\Nathalie_Baye_0004.jpg,0
data/raw/train\female\Nida_Blanca_0001.jpg,0
data/raw/train\female\Patricia_Hearst_0001.jpg,0
data/raw/train\female\Patricia_Heaton_0001.jpg,0
data/raw/train\female\Patricia_Heaton_0002.jpg,0
data/raw/train\female\Patricia_Johnson_0001.jpg,0
data/raw/train\female\Paula_Prentiss_0001.jpg,0
data/raw/train\female\Paulina_Rodriguez_Davila_0001.jpg,0
data/raw/train\female\Penelope_Ann_Miller_0001.jpg,0
data/raw/train\female\Penelope_Ann_Miller_0002.jpg,0
data/raw/train\female\Pernilla_Bjorn_0001.jpg,0
data/raw/train\female\Princess_Anne_0002.jpg,0
data/raw/train\female\Princess_Victoria_0001.jpg,0
data/raw/train\female\Queen_Beatrix_0001.jpg,0
data/raw/train\female\Queen_Beatrix_0002.jpg,0
data/raw/train\female\Queen_Beatrix_0003.jpg,0
data/raw/train\female\Queen_Beatrix_0004.jpg,0
data/raw/train\female\Rita_Moreno_0001.jpg,0
data/raw/train\female\Rita_Moreno_0002.jpg,0
data/raw/train\female\Robin_McGraw_0001.jpg,0
data/raw/train\female\Rosario_Dawson_0001.jpg,0
data/raw/train\female\Rosemarie_Stack_0001.jpg,0
data/raw/train\female\Rosemarie_Stack_0002.jpg,0
data/raw/train\female\Sally_Clark_0001.jpg,0
data/raw/train\female\Salma_Hayek_0001.jpg,0
data/raw/train\female\Salma_Hayek_0002.jpg,0
data/raw/train\female\Salma_Hayek_0003.jpg,0
data/raw/train\female\Salma_Hayek_0004.jpg,0
data/raw/train\female\Salma_Hayek_0005.jpg,0
data/raw/train\female\Salma_Hayek_0006.jpg,0
data/raw/train\female\Salma_Hayek_0007.jpg,0
data/raw/train\female\Salma_Hayek_0008.jpg,0
data/raw/train\female\Salma_Hayek_0009.jpg,0
data/raw/train\female\Salma_Hayek_0010.jpg,0
data/raw/train\female\Salma_Hayek_0011.jpg,0
data/raw/train\female\Salma_Hayek_0012.jpg,0
data/raw/train\female\Salma_Hayek_0013.jpg,0
data/raw/train\female\Samantha_Daniels_0001.jpg,0
data/raw/train\female\Sandra_Banning_0001.jpg,0
data/raw/train\female\Sandra_Milo_0001.jpg,0
data/raw/train\female\Sarah_Weddington_0001.jpg,0
data/raw/train\female\Sarah_Wynter_0001.jpg,0
data/raw/train\female\Sasha_Alexander_0001.jpg,0
data/raw/train\female\Selma_Phoenix_0001.jpg,0
data/raw/train\female\Shannon_OBrien_0001.jpg,0
data/raw/train\female\Shannon_OBrien_0002.jpg,0
data/raw/train\female\Shannyn_Sossamon_0001.jpg,0
data/raw/train\female\Sheila_Taormina_0001.jpg,0
data/raw/train\female\Shireen_Amir_Begum_0001.jpg,0
data/raw/train\female\Shoshannah_Stern_0001.jpg,0
data/raw/train\female\Silvie_Cabero_0001.jpg,0
data/raw/train\female\Simona_Hradil_0001.jpg,0
data/raw/train\female\Sophia_Loren_0001.jpg,0
data/raw/train\female\Sophia_Loren_0002.jpg,0
data/raw/train\female\Sophia_Loren_0003.jpg,0
data/raw/train\female\Sophia_Loren_0004.jpg,0
data/raw/train\female\Sophia_Loren_0005.jpg,0
data/raw/train\female\Sophia_Loren_0006.jpg,0
data/raw/train\female\Sophia_Loren_0007.jpg,0
data/raw/train\female\Sophie_0001.jpg,0
data/raw/train\female\Sue_Grafton_0001.jpg,0
data/raw/train\female\Sue_Wicks_0001.jpg,0
data/raw/train\female\Sue_Wicks_0002.jpg,0
data/raw/train\female\Sureyya_Ayhan_0001.jpg,0
data/raw/train\female\Suzanne_Haik_Terrell_0001.jpg,0
data/raw/train\female\Suzanne_Mubarak_0001.jpg,0
data/raw/train\female\Suzie_McConnell_Serio_0001.jpg,0
data/raw/train\female\Tammy_Helm_0001.jpg,0
data/raw/train\female\Teresa_Heinz_Kerry_0001.jpg,0
data/raw/train\female\Teri_Files_0001.jpg,0
data/raw/train\female\Tina_Brown_0001.jpg,0
data/raw/train\female\Trisha_Meili_0001.jpg,0
data/raw/train\female\Valerie_Harper_0001.jpg,0
data/raw/train\female\Valerie_Harper_0002.jpg,0
data/raw/train\female\Vanessa_Williams_0001.jpg,0
data/raw/train\female\Vanessa_Williams_0002.jpg,0
data/raw/train\female\Vanessa_Williams_0003.jpg,0
data/raw/train\female\Wang_Hailan_0001.jpg,0
data/raw/train\female\Wang_Nan_0001.jpg,0
data/raw/train\female\Wu_Yi_0001.jpg,0
data/raw/train\female\Wu_Yi_0002.jpg,0
data/raw/train\female\Wu_Yi_0003.jpg,0
data/raw/train\female\Zarai_Toledo_0001.jpg,0
data/raw/train\female\Zarai_Toledo_0002.jpg,0
